task_name,from_pretrained,model_cfg,model_cls,model_type,lr,batch_size,HVD_SIZE,lr_scheduler,input_seq_len,model_path,drop_neighborhood,drop_description,cpt_path,task_name,train_path,valid_path,test_path,index_path,inference_entities_path,exact_match,exact_match_entity,Hits@1,Hits@3,Hits@5,Hits@10,Hits@1_pipeline,Hits@3_pipeline,Hits@5_pipeline,Hits@10_pipeline
ilpc-small,t5-base,,transformers:T5ForConditionalGeneration,encoder-decoder,5e-06,128,1.0,linear,512,/home/bulatov/bulatov/KGLM/runs/t5-base/ilpc-small/lr5e-06_constant_with_warmup_adamw_wd1e-02_512-512_bs128_iters100000_baseline_pretrained_2sep_enum_nodesc_eval/run_1/,True,True,/home/bulatov/bulatov/KGLM/runs/t5-base/ilpc-small/lr5e-06_constant_with_warmup_adamw_wd1e-02_512-512_bs128_iters100000_baseline_pretrained_2sep_enum_nodesc/run_1,ilpc-small,/home/bulatov/bulatov/datasets/ilpc22/small_2sep_enum/small_train.csv,/home/bulatov/bulatov/datasets/ilpc22/small_2sep_enum/small_valid.csv,/home/bulatov/bulatov/datasets/ilpc22/small_2sep_enum/small_test.csv,/home/bulatov/bulatov/KGLM/faiss/entities_small.index,/home/chepurova/knowledge-graphs-language-models/faiss/small_verbalized_inference_entities.json,5.099931240081787,5.099931240081787,0.07288077473640442,0.12956582009792328,0.15385940670967102,0.1991729885339737,0.06995175778865814,0.10957960039377213,0.12680909037590027,0.1671261191368103
ilpc-small,t5-base,,transformers:T5ForConditionalGeneration,encoder-decoder,5e-06,128,1.0,linear,512,/home/bulatov/bulatov/KGLM/runs/t5-base/ilpc-small/lr5e-06_constant_with_warmup_adamw_wd1e-02_512-512_bs128_iters100000_pretrained_2sep_enum_nodesc_eval/run_1/,False,True,/home/bulatov/bulatov/KGLM/runs/t5-base/ilpc-small/lr5e-06_constant_with_warmup_adamw_wd1e-02_512-512_bs128_iters100000_pretrained_2sep_enum_nodesc/run_1/,ilpc-small,/home/bulatov/bulatov/datasets/ilpc22/small_2sep_enum/small_train.csv,/home/bulatov/bulatov/datasets/ilpc22/small_2sep_enum/small_valid.csv,/home/bulatov/bulatov/datasets/ilpc22/small_2sep_enum/small_test.csv,/home/bulatov/bulatov/KGLM/faiss/entities_small.index,/home/chepurova/knowledge-graphs-language-models/faiss/small_verbalized_inference_entities.json,5.513439178466797,5.513439178466797,0.0823569968342781,0.14162646234035492,0.1685044765472412,0.21588559448719025,0.07994486391544342,0.12956582009792328,0.1502412110567093,0.1878015100955963
ilpc-small,t5-base,,transformers:T5ForConditionalGeneration,encoder-decoder,5e-06,16,1.0,constant_with_warmup,512,./runs/t5-base/ilpc-small/lr5e-06_constant_with_warmup_adamw_wd1e-02_512-512_bs128_iters100000_pretrained_2sep_enum_nodesc/run_1,False,True,,ilpc-small,/home/bulatov/bulatov/datasets/ilpc22/small_2sep_enum/small_train.csv,/home/bulatov/bulatov/datasets/ilpc22/small_2sep_enum/small_valid.csv,/home/bulatov/bulatov/datasets/ilpc22/small_2sep_enum/small_test.csv,./faiss/entities_small.index,,,,,,,,,,,
ilpc-small,t5-base,,transformers:T5ForConditionalGeneration,encoder-decoder,5e-06,64,1.0,constant_with_warmup,512,./runs/t5-base/ilpc-small/lr5e-06_constant_with_warmup_adamw_wd1e-02_512-512_bs128_iters50000_baseline_pretrained_2sep_enum_nodesc/run_1,True,True,,ilpc-small,/home/bulatov/bulatov/datasets/ilpc22/small_2sep_enum/small_train.csv,/home/bulatov/bulatov/datasets/ilpc22/small_2sep_enum/small_valid.csv,/home/bulatov/bulatov/datasets/ilpc22/small_2sep_enum/small_test.csv,/home/bulatov/bulatov/KGLM/faiss/entities_small.index,,5.53066873550415,5.53066873550415,0.0720192939043045,0.11784975975751877,0.13266712427139282,0.17108890414237976,,,,
ilpc-small,t5-base,,transformers:T5ForConditionalGeneration,encoder-decoder,5e-06,64,1.0,linear,512,./runs/t5-base/ilpc-small/lr5e-06_linear_adamw_wd1e-02_512-512_bs128_iters20000_baseline_pretrained_2sep_enum_nodesc/run_1,True,True,,ilpc-small,/home/bulatov/bulatov/datasets/ilpc22/small_2sep_enum/small_train.csv,/home/bulatov/bulatov/datasets/ilpc22/small_2sep_enum/small_valid.csv,/home/bulatov/bulatov/datasets/ilpc22/small_2sep_enum/small_test.csv,/home/bulatov/bulatov/KGLM/faiss/entities_small.index,/home/chepurova/knowledge-graphs-language-models/faiss/small_verbalized_inference_entities.json,4.031702041625977,4.031702041625977,0.0823569968342781,0.14490006864070892,0.17126120626926422,0.22053755819797516,0.0796002745628357,0.13783597946166992,0.1600620299577713,0.20348036289215088
ilpc-small,t5-base,,transformers:T5ForConditionalGeneration,encoder-decoder,5e-06,64,1.0,linear,512,./runs/t5-base/ilpc-small/lr5e-06_linear_adamw_wd1e-02_512-512_bs128_iters50000_baseline_pretrained_2sep_enum/run_1,True,False,,ilpc-small,/home/bulatov/bulatov/datasets/ilpc22/small_2sep_enum/small_train.csv,/home/bulatov/bulatov/datasets/ilpc22/small_2sep_enum/small_valid.csv,/home/bulatov/bulatov/datasets/ilpc22/small_2sep_enum/small_test.csv,/home/bulatov/bulatov/KGLM/faiss/entities_description_small.index,/home/chepurova/knowledge-graphs-language-models/faiss/small_verbalized_inference_entities_and_descriptions.json,0.01722949743270874,5.444520950317383,0.0654720887541771,0.09286698698997498,0.11802205443382263,0.14558924734592438,0.0654720887541771,0.09286698698997498,0.11802205443382263,0.14558924734592438
ilpc-small,t5-base,,transformers:T5ForConditionalGeneration,encoder-decoder,5e-06,16,1.0,constant_with_warmup,512,./runs/t5-base/ilpc-small/lr5e-06_constant_with_warmup_adamw_wd1e-02_512-512_bs128_iters50000_pretrained_2sep_enum/run_1,False,False,,ilpc-small,/home/bulatov/bulatov/datasets/ilpc22/small_2sep_enum/small_train.csv,/home/bulatov/bulatov/datasets/ilpc22/small_2sep_enum/small_valid.csv,/home/bulatov/bulatov/datasets/ilpc22/small_2sep_enum/small_test.csv,/home/bulatov/bulatov/KGLM/faiss/entities_description_small.index,,0.4307374358177185,5.099931240081787,0.07356995344161987,0.11181943118572235,0.13680221140384674,0.17522397637367249,,,,
ilpc-small,t5-base,,transformers:T5ForConditionalGeneration,encoder-decoder,5e-06,16,1.0,linear,512,./runs/t5-base/ilpc-small/lr5e-06_linear_adamw_wd1e-02_512-512_bs128_iters50000_pretrained_2sep_enum/run_1,False,False,,ilpc-small,/home/bulatov/bulatov/datasets/ilpc22/small_2sep_enum/small_train.csv,/home/bulatov/bulatov/datasets/ilpc22/small_2sep_enum/small_valid.csv,/home/bulatov/bulatov/datasets/ilpc22/small_2sep_enum/small_test.csv,/home/bulatov/bulatov/KGLM/faiss/entities_description_small.index,/home/chepurova/knowledge-graphs-language-models/faiss/small_verbalized_inference_entities_and_descriptions.json,,,,,,,,,,
ilpc-small,t5-base,,transformers:T5ForConditionalGeneration,encoder-decoder,5e-06,16,1.0,linear,512,./runs/t5-base/ilpc-small/lr5e-06_linear_adamw_wd1e-02_512-512_bs128_iters20000_pretrained_2sep_enum_nodesc/run_1,False,True,,ilpc-small,/home/bulatov/bulatov/datasets/ilpc22/small_2sep_enum/small_train.csv,/home/bulatov/bulatov/datasets/ilpc22/small_2sep_enum/small_valid.csv,/home/bulatov/bulatov/datasets/ilpc22/small_2sep_enum/small_test.csv,/home/bulatov/bulatov/KGLM/faiss/entities_small.index,/home/chepurova/knowledge-graphs-language-models/faiss/small_verbalized_inference_entities.json,5.2549967765808105,5.2549967765808105,0.08649207651615143,0.14438317716121674,0.17505168914794922,0.22346657514572144,0.08390764892101288,0.13387319445610046,0.1592005491256714,0.20020675659179688
ilpc-small,t5-base,,transformers:T5ForConditionalGeneration,encoder-decoder,5e-06,16,1.0,constant_with_warmup,512,./runs/t5-base/ilpc-small/lr5e-06_constant_with_warmup_adamw_wd1e-02_512-512_bs128_iters50000_pretrained_2sep_enum_nodesc/run_1,False,True,,ilpc-small,/home/bulatov/bulatov/datasets/ilpc22/small_2sep_enum/small_train.csv,/home/bulatov/bulatov/datasets/ilpc22/small_2sep_enum/small_valid.csv,/home/bulatov/bulatov/datasets/ilpc22/small_2sep_enum/small_test.csv,/home/bulatov/bulatov/KGLM/faiss/entities_small.index,,5.375603199005127,5.375603199005127,0.07856650650501251,0.1374913901090622,0.16419710218906403,0.20864920318126678,,,,
ilpc-small,t5-base,,transformers:T5ForConditionalGeneration,encoder-decoder,5e-06,128,1.0,linear,512,/home/bulatov/bulatov/KGLM/runs/t5-base/ilpc-small/lr5e-06_constant_with_warmup_adamw_wd1e-02_512-512_bs128_iters100000_pretrained_2sep_enum_eval/run_1/,False,False,/home/bulatov/bulatov/KGLM/runs/t5-base/ilpc-small/lr5e-06_constant_with_warmup_adamw_wd1e-02_512-512_bs128_iters100000_pretrained_2sep_enum/run_1,ilpc-small,/home/bulatov/bulatov/datasets/ilpc22/small_2sep_enum/small_train.csv,/home/bulatov/bulatov/datasets/ilpc22/small_2sep_enum/small_valid.csv,/home/bulatov/bulatov/datasets/ilpc22/small_2sep_enum/small_test.csv,/home/bulatov/bulatov/KGLM/faiss/entities_description_small.index,/home/chepurova/knowledge-graphs-language-models/faiss/small_verbalized_inference_entities_and_descriptions.json,0.6202619075775146,5.099931240081787,0.07839421182870865,0.11802205443382263,0.14507237076759338,0.18711233139038086,0.07839421182870865,0.11802205443382263,0.14507237076759338,0.18711233139038086
ilpc-small,t5-base,,transformers:T5ForConditionalGeneration,encoder-decoder,5e-06,64,1.0,linear,512,./runs/t5-base/ilpc-small/lr5e-06_linear_adamw_wd1e-02_512-512_bs128_iters20000_baseline_pretrained_2sep_enum/run_1,True,False,,ilpc-small,/home/bulatov/bulatov/datasets/ilpc22/small_2sep_enum/small_train.csv,/home/bulatov/bulatov/datasets/ilpc22/small_2sep_enum/small_valid.csv,/home/bulatov/bulatov/datasets/ilpc22/small_2sep_enum/small_test.csv,/home/bulatov/bulatov/KGLM/faiss/entities_description_small.index,/home/chepurova/knowledge-graphs-language-models/faiss/small_verbalized_inference_entities_and_descriptions.json,0.32736045122146606,4.014472961425781,0.0790833905339241,0.11423156410455704,0.14093728363513947,0.17177808284759521,0.0790833905339241,0.11423156410455704,0.14093728363513947,0.17177808284759521
ilpc-small,t5-base,,transformers:T5ForConditionalGeneration,encoder-decoder,5e-06,64,1.0,constant_with_warmup,512,./runs/t5-base/ilpc-small/lr5e-06_constant_with_warmup_adamw_wd1e-02_512-512_bs128_iters50000_baseline_pretrained_2sep_enum/run_1,True,False,,ilpc-small,/home/bulatov/bulatov/datasets/ilpc22/small_2sep_enum/small_train.csv,/home/bulatov/bulatov/datasets/ilpc22/small_2sep_enum/small_valid.csv,/home/bulatov/bulatov/datasets/ilpc22/small_2sep_enum/small_test.csv,/home/bulatov/bulatov/KGLM/faiss/entities_description_small.index,,0.06891798973083496,5.272225856781006,0.06995175778865814,0.10010337829589844,0.1195727065205574,0.1516195684671402,,,,
ilpc-small,t5-base,,transformers:T5ForConditionalGeneration,encoder-decoder,5e-06,64,1.0,constant_with_warmup,512,./runs/t5-base/ilpc-small/lr5e-06_constant_with_warmup_adamw_wd1e-02_512-512_bs128_iters100000_baseline_pretrained_2sep_enum_nodesc/run_1,True,True,,ilpc-small,/home/bulatov/bulatov/datasets/ilpc22/small_2sep_enum/small_train.csv,/home/bulatov/bulatov/datasets/ilpc22/small_2sep_enum/small_valid.csv,/home/bulatov/bulatov/datasets/ilpc22/small_2sep_enum/small_test.csv,./faiss/entities_small.index,,,,,,,,,,,
ilpc-small,t5-base,,transformers:T5ForConditionalGeneration,encoder-decoder,5e-06,64,1.0,constant_with_warmup,512,./runs/t5-base/ilpc-small/lr5e-06_constant_with_warmup_adamw_wd1e-02_512-512_bs128_iters100000_baseline_pretrained_2sep_enum/run_1,True,False,,ilpc-small,/home/bulatov/bulatov/datasets/ilpc22/small_2sep_enum/small_train.csv,/home/bulatov/bulatov/datasets/ilpc22/small_2sep_enum/small_valid.csv,/home/bulatov/bulatov/datasets/ilpc22/small_2sep_enum/small_test.csv,./faiss/entities_description_small.index,,,,,,,,,,,
ilpc-small,t5-base,,transformers:T5ForConditionalGeneration,encoder-decoder,5e-06,64,1.0,constant_with_warmup,512,./runs/t5-base/ilpc-small/lr5e-06_constant_with_warmup_adamw_wd1e-02_512-512_bs128_iters100000_baseline_pretrained_2sep_enum/run_1,True,False,,ilpc-small,/home/bulatov/bulatov/datasets/ilpc22/small_2sep_enum/small_train.csv,/home/bulatov/bulatov/datasets/ilpc22/small_2sep_enum/small_valid.csv,/home/bulatov/bulatov/datasets/ilpc22/small_2sep_enum/small_test.csv,./faiss/entities_description_small.index,,,,,,,,,,,
ilpc-small,t5-base,,transformers:T5ForConditionalGeneration,encoder-decoder,5e-06,16,1.0,linear,512,./runs/t5-base/ilpc-small/lr5e-06_linear_adamw_wd1e-02_512-512_bs128_iters20000_pretrained_2sep_enum/run_1,False,False,,ilpc-small,/home/bulatov/bulatov/datasets/ilpc22/small_2sep_enum/small_train.csv,/home/bulatov/bulatov/datasets/ilpc22/small_2sep_enum/small_valid.csv,/home/bulatov/bulatov/datasets/ilpc22/small_2sep_enum/small_test.csv,/home/bulatov/bulatov/KGLM/faiss/entities_description_small.index,/home/chepurova/knowledge-graphs-language-models/faiss/small_verbalized_inference_entities_and_descriptions.json,0.7580978870391846,5.1860785484313965,0.0823569968342781,0.1247415542602539,0.15420399606227875,0.1958993822336197,0.0823569968342781,0.1247415542602539,0.15420399606227875,0.1958993822336197
ilpc-small,,t5-base,transformers:T5ForConditionalGeneration,encoder-decoder,5e-06,64,1.0,constant_with_warmup,512,./runs/t5-base/ilpc-small/lr5e-06_constant_with_warmup_adamw_wd1e-02_512-512_bs128_iters100000_baseline_2sep_enum/run_1,True,False,,ilpc-small,/home/bulatov/bulatov/datasets/ilpc22/small_2sep_enum/small_train.csv,/home/bulatov/bulatov/datasets/ilpc22/small_2sep_enum/small_valid.csv,/home/bulatov/bulatov/datasets/ilpc22/small_2sep_enum/small_test.csv,./faiss/entities_description_small.index,,,,,,,,,,,
ilpc-small,t5-base,,transformers:T5ForConditionalGeneration,encoder-decoder,5e-06,128,1.0,linear,512,/home/bulatov/bulatov/KGLM/runs/t5-base/ilpc-small/lr5e-06_constant_with_warmup_adamw_wd1e-02_512-512_bs128_iters100000_baseline_pretrained_2sep_enum_eval/run_1/,True,False,/home/bulatov/bulatov/KGLM/runs/t5-base/ilpc-small/lr5e-06_constant_with_warmup_adamw_wd1e-02_512-512_bs128_iters100000_baseline_pretrained_2sep_enum/run_1,ilpc-small,/home/bulatov/bulatov/datasets/ilpc22/small_2sep_enum/small_train.csv,/home/bulatov/bulatov/datasets/ilpc22/small_2sep_enum/small_valid.csv,/home/bulatov/bulatov/datasets/ilpc22/small_2sep_enum/small_test.csv,/home/bulatov/bulatov/KGLM/faiss/entities_description_small.index,/home/chepurova/knowledge-graphs-language-models/faiss/small_verbalized_inference_entities_and_descriptions.json,0.0,0.0,0.005513438954949379,0.018435562029480934,0.0263611301779747,0.03842177987098694,0.005513438954949379,0.018435562029480934,0.0263611301779747,0.03842177987098694
ilpc-small,t5-base,,transformers:T5ForConditionalGeneration,encoder-decoder,5e-06,16,1.0,constant_with_warmup,512,./runs/t5-base/ilpc-small/lr5e-06_constant_with_warmup_adamw_wd1e-02_512-512_bs128_iters100000_pretrained_2sep_enum/run_1,False,False,,ilpc-small,/home/bulatov/bulatov/datasets/ilpc22/small_2sep_enum/small_train.csv,/home/bulatov/bulatov/datasets/ilpc22/small_2sep_enum/small_valid.csv,/home/bulatov/bulatov/datasets/ilpc22/small_2sep_enum/small_test.csv,./faiss/entities_description_small.index,,,,,,,,,,,
ilpc-small,t5-base,,transformers:T5ForConditionalGeneration,encoder-decoder,5e-06,64,1.0,linear,512,./runs/t5-base/ilpc-small/lr5e-06_linear_adamw_wd1e-02_512-512_bs128_iters50000_baseline_pretrained_2sep_enum_nodesc/run_1,True,True,,ilpc-small,/home/bulatov/bulatov/datasets/ilpc22/small_2sep_enum/small_train.csv,/home/bulatov/bulatov/datasets/ilpc22/small_2sep_enum/small_valid.csv,/home/bulatov/bulatov/datasets/ilpc22/small_2sep_enum/small_test.csv,/home/bulatov/bulatov/KGLM/faiss/entities_small.index,/home/chepurova/knowledge-graphs-language-models/faiss/small_verbalized_inference_entities.json,5.547897815704346,5.547897815704346,0.07270848006010056,0.11853893846273422,0.13490696251392365,0.17625775933265686,0.06995175778865814,0.0964851826429367,0.10630599409341812,0.14162646234035492
ilpc-large,t5-base,,transformers:T5ForConditionalGeneration,encoder-decoder,5e-06,16,1.0,constant_with_warmup,512,./runs/t5-base/ilpc-large/lr5e-06_constant_with_warmup_adamw_wd1e-02_512-512_bs128_iters150000_pretrained_2sep_enum_nodesc/run_1,False,True,,ilpc-large,/home/bulatov/bulatov/datasets/ilpc22/large_2sep_enum/large_train.csv,/home/bulatov/bulatov/datasets/ilpc22/large_2sep_enum/large_valid.csv,/home/bulatov/bulatov/datasets/ilpc22/large_2sep_enum/large_test.csv,,,,,,,,,,,,
ilpc-large,t5-base,,transformers:T5ForConditionalGeneration,encoder-decoder,5e-06,16,1.0,constant_with_warmup,512,./runs/t5-base/ilpc-large/lr5e-06_constant_with_warmup_adamw_wd1e-02_512-512_bs128_iters150000_pretrained_2sep_enum_nodesc/run_1,False,True,,ilpc-large,/home/bulatov/bulatov/datasets/ilpc22/large_2sep_enum/large_train.csv,/home/bulatov/bulatov/datasets/ilpc22/large_2sep_enum/large_valid.csv,/home/bulatov/bulatov/datasets/ilpc22/large_2sep_enum/large_test.csv,,,,,,,,,,,,
ilpc-large,t5-base,,transformers:T5ForConditionalGeneration,encoder-decoder,5e-06,16,1.0,constant_with_warmup,512,./runs/t5-base/ilpc-large/lr5e-06_constant_with_warmup_adamw_wd1e-02_512-512_bs128_iters150000_pretrained_2sep_enum/run_1,False,False,,ilpc-large,/home/bulatov/bulatov/datasets/ilpc22/large_2sep_enum/large_train.csv,/home/bulatov/bulatov/datasets/ilpc22/large_2sep_enum/large_valid.csv,/home/bulatov/bulatov/datasets/ilpc22/large_2sep_enum/large_test.csv,,,,,,,,,,,,
ilpc-large,t5-base,,transformers:T5ForConditionalGeneration,encoder-decoder,5e-06,64,1.0,constant_with_warmup,512,./runs/t5-base/ilpc-large/lr5e-06_constant_with_warmup_adamw_wd1e-02_512-512_bs128_iters150000_baseline_pretrained_2sep_enum/run_1,True,False,,ilpc-large,/home/bulatov/bulatov/datasets/ilpc22/large_2sep_enum/large_train.csv,/home/bulatov/bulatov/datasets/ilpc22/large_2sep_enum/large_valid.csv,/home/bulatov/bulatov/datasets/ilpc22/large_2sep_enum/large_test.csv,,,0.13753807544708252,7.01935338973999,,,,,,,,
ilpc-large,t5-base,,transformers:T5ForConditionalGeneration,encoder-decoder,5e-06,128,1.0,linear,512,/home/bulatov/bulatov/KGLM/runs/t5-base/ilpc-large/lr5e-06_constant_with_warmup_adamw_wd1e-02_512-512_bs128_iters150000_pretrained_2sep_enum_nodesc_eval/run_1/,False,True,/home/bulatov/bulatov/KGLM/runs/t5-base/ilpc-large/lr5e-06_constant_with_warmup_adamw_wd1e-02_512-512_bs128_iters150000_pretrained_2sep_enum_nodesc/run_1/,ilpc-large,/home/bulatov/bulatov/datasets/ilpc22/large_2sep_enum/large_train.csv,/home/bulatov/bulatov/datasets/ilpc22/large_2sep_enum/large_valid.csv,/home/bulatov/bulatov/datasets/ilpc22/large_2sep_enum/large_test.csv,/home/bulatov/bulatov/KGLM/faiss/entities.index,/home/chepurova/knowledge-graphs-language-models/faiss/large_verbalized_inference_entities.json,0.0,8.900677680969238,,,,,,,,
ilpc-large,t5-base,,transformers:T5ForConditionalGeneration,encoder-decoder,5e-06,128,1.0,linear,512,/home/bulatov/bulatov/KGLM/runs/t5-base/ilpc-large/lr5e-06_constant_with_warmup_adamw_wd1e-02_512-512_bs128_iters150000_pretrained_2sep_enum_nodesc_eval/run_1/,False,True,/home/bulatov/bulatov/KGLM/runs/t5-base/ilpc-large/lr5e-06_constant_with_warmup_adamw_wd1e-02_512-512_bs128_iters150000_pretrained_2sep_enum_nodesc/run_1/,ilpc-large,/home/bulatov/bulatov/datasets/ilpc22/large_2sep_enum/large_train.csv,/home/bulatov/bulatov/datasets/ilpc22/large_2sep_enum/large_valid.csv,/home/bulatov/bulatov/datasets/ilpc22/large_2sep_enum/large_test.csv,/home/bulatov/bulatov/KGLM/faiss/entities.index,/home/chepurova/knowledge-graphs-language-models/faiss/large_verbalized_inference_entities.json,8.901217460632324,8.901217460632324,0.11248036473989487,0.13859976828098297,0.1762077808380127,0.21032993495464325,0.10766889154911041,0.12529458105564117,0.15411429107189178,0.17581500113010406
ilpc-large,t5-base,,transformers:T5ForConditionalGeneration,encoder-decoder,5e-06,64,1.0,linear,512,./runs/t5-base/ilpc-large/lr5e-06_linear_adamw_wd1e-02_512-512_bs128_iters20000_baseline_pretrained_2sep_enum_nodesc/run_1,True,True,,ilpc-large,/home/bulatov/bulatov/datasets/ilpc22/large_2sep_enum/large_train.csv,/home/bulatov/bulatov/datasets/ilpc22/large_2sep_enum/large_valid.csv,/home/bulatov/bulatov/datasets/ilpc22/large_2sep_enum/large_test.csv,./faiss/entities.index,/home/chepurova/knowledge-graphs-language-models/faiss/large_verbalized_inference_entities.json,8.807933807373047,8.807933807373047,0.11022191494703293,0.13766692578792572,0.168646901845932,0.19967596232891083,0.10506676882505417,0.12288884818553925,0.14400039613246918,0.1612333059310913
ilpc-large,t5-base,,transformers:T5ForConditionalGeneration,encoder-decoder,5e-06,16,1.0,linear,512,./runs/t5-base/ilpc-large/lr5e-06_linear_adamw_wd1e-02_512-512_bs128_iters50000_pretrained_2sep_enum_nodesc/run_1,False,True,,ilpc-large,/home/bulatov/bulatov/datasets/ilpc22/large_2sep_enum/large_train.csv,/home/bulatov/bulatov/datasets/ilpc22/large_2sep_enum/large_valid.csv,/home/bulatov/bulatov/datasets/ilpc22/large_2sep_enum/large_test.csv,,,9.008743286132812,9.008743286132812,0.11582670360803604,0.1413203626871109,0.17958542704582214,0.21460850536823273,,,,
ilpc-large,t5-base,,transformers:T5ForConditionalGeneration,encoder-decoder,5e-06,16,1.0,linear,512,./runs/t5-base/ilpc-large/lr5e-06_linear_adamw_wd1e-02_512-512_bs128_iters20000_pretrained_2sep_enum_nodesc/run_1,False,True,,ilpc-large,/home/bulatov/bulatov/datasets/ilpc22/large_2sep_enum/large_train.csv,/home/bulatov/bulatov/datasets/ilpc22/large_2sep_enum/large_valid.csv,/home/bulatov/bulatov/datasets/ilpc22/large_2sep_enum/large_test.csv,./faiss/entities.index,/home/chepurova/knowledge-graphs-language-models/faiss/large_verbalized_inference_entities.json,8.218774795532227,8.218774795532227,0.11866653710603714,0.14576786756515503,0.18180479109287262,0.2191673219203949,0.11351139098405838,0.13197171688079834,0.16030047833919525,0.1871563196182251
ilpc-large,t5-base,,transformers:T5ForConditionalGeneration,encoder-decoder,5e-06,128,1.0,constant_with_warmup,512,./runs/t5-base/ilpc-large/lr5e-06_constant_with_warmup_adamw_wd1e-02_512-512_bs128_iters150000_baseline_pretrained_2sep_enum_nodesc/run_1,True,True,,ilpc-large,/home/bulatov/bulatov/datasets/ilpc22/large_2sep_enum/large_train.csv,/home/bulatov/bulatov/datasets/ilpc22/large_2sep_enum/large_valid.csv,/home/bulatov/bulatov/datasets/ilpc22/large_2sep_enum/large_test.csv,,,,,,,,,,,,
ilpc-large,t5-base,,transformers:T5ForConditionalGeneration,encoder-decoder,5e-06,64,1.0,linear,512,./runs/t5-base/ilpc-large/lr5e-06_linear_adamw_wd1e-02_512-512_bs128_iters20000_baseline_pretrained_2sep_enum/run_1,True,False,,ilpc-large,/home/bulatov/bulatov/datasets/ilpc22/large_2sep_enum/large_train.csv,/home/bulatov/bulatov/datasets/ilpc22/large_2sep_enum/large_valid.csv,/home/bulatov/bulatov/datasets/ilpc22/large_2sep_enum/large_test.csv,./faiss/entities_description.index,/home/chepurova/knowledge-graphs-language-models/faiss/large_verbalized_inference_entities_and_descriptions.json,0.1325608789920807,6.863707542419434,0.11601531505584717,0.15170855820178986,0.17596229910850525,0.20380008220672607,0.11601531505584717,0.15170855820178986,0.17596229910850525,0.20380008220672607
ilpc-large,t5-base,,transformers:T5ForConditionalGeneration,encoder-decoder,5e-06,128,1.0,linear,512,/home/bulatov/bulatov/KGLM/runs/t5-base/ilpc-large/lr5e-06_constant_with_warmup_adamw_wd1e-02_512-512_bs128_iters150000_baseline_pretrained_2sep_enum_nodesc_eval/run_1/,True,True,/home/bulatov/bulatov/KGLM/runs/t5-base/ilpc-large/lr5e-06_constant_with_warmup_adamw_wd1e-02_512-512_bs128_iters150000_baseline_pretrained_2sep_enum_nodesc/run_1,ilpc-large,/home/bulatov/bulatov/datasets/ilpc22/large_2sep_enum/large_train.csv,/home/bulatov/bulatov/datasets/ilpc22/large_2sep_enum/large_valid.csv,/home/bulatov/bulatov/datasets/ilpc22/large_2sep_enum/large_test.csv,/home/bulatov/bulatov/KGLM/faiss/entities.index,/home/chepurova/knowledge-graphs-language-models/faiss/large_verbalized_inference_entities.json,8.027297973632812,8.027297973632812,0.1081598550081253,0.1297132819890976,0.17173998057842255,0.20723684132099152,0.10271013528108597,0.11753731220960617,0.1512666940689087,0.17561861872673035
ilpc-large,t5-base,,transformers:T5ForConditionalGeneration,encoder-decoder,5e-06,128,1.0,linear,512,/home/bulatov/bulatov/KGLM/runs/t5-base/ilpc-large/lr5e-06_constant_with_warmup_adamw_wd1e-02_512-512_bs128_iters150000_baseline_pretrained_2sep_enum_nodesc_eval/run_1/,True,True,/home/bulatov/bulatov/KGLM/runs/t5-base/ilpc-large/lr5e-06_constant_with_warmup_adamw_wd1e-02_512-512_bs128_iters150000_baseline_pretrained_2sep_enum_nodesc/run_1,ilpc-large,/home/bulatov/bulatov/datasets/ilpc22/large_2sep_enum/large_train.csv,/home/bulatov/bulatov/datasets/ilpc22/large_2sep_enum/large_valid.csv,/home/bulatov/bulatov/datasets/ilpc22/large_2sep_enum/large_test.csv,/home/bulatov/bulatov/KGLM/faiss/entities.index,/home/chepurova/knowledge-graphs-language-models/faiss/large_verbalized_inference_entities.json,3.964043617248535,3.964043617248535,,,,,,,,
ilpc-large,t5-base,,transformers:T5ForConditionalGeneration,encoder-decoder,5e-06,128,1.0,linear,512,/home/bulatov/bulatov/KGLM/runs/t5-base/ilpc-large/lr5e-06_constant_with_warmup_adamw_wd1e-02_512-512_bs128_iters150000_pretrained_2sep_enum_eval/run_1/,False,False,/home/bulatov/bulatov/KGLM/runs/t5-base/ilpc-large/lr5e-06_constant_with_warmup_adamw_wd1e-02_512-512_bs128_iters150000_pretrained_2sep_enum/run_1,ilpc-large,/home/bulatov/bulatov/datasets/ilpc22/large_2sep_enum/large_train.csv,/home/bulatov/bulatov/datasets/ilpc22/large_2sep_enum/large_valid.csv,/home/bulatov/bulatov/datasets/ilpc22/large_2sep_enum/large_test.csv,/home/bulatov/bulatov/KGLM/faiss/entities_description.index,/home/chepurova/knowledge-graphs-language-models/faiss/large_verbalized_inference_entities_and_descriptions.json,0.6775333881378174,8.007658958435059,0.12033581733703613,0.16295169293880463,0.1875,0.21671248972415924,0.12033581733703613,0.16295169293880463,0.1875,0.21671248972415924
ilpc-large,t5-base,,transformers:T5ForConditionalGeneration,encoder-decoder,5e-06,128,1.0,linear,512,./runs/t5-base/ilpc-large/lr5e-06_constant_with_warmup_adamw_wd1e-02_512-512_bs128_iters150000_baseline_pretrained_2sep_enum_nodesc_eval2/run_1,True,True,./runs/t5-base/ilpc-large/lr5e-06_constant_with_warmup_adamw_wd1e-02_512-512_bs128_iters150000_baseline_pretrained_2sep_enum_nodesc/run_1,ilpc-large,/home/bulatov/bulatov/datasets/ilpc22/large_2sep_enum/large_train.csv,/home/bulatov/bulatov/datasets/ilpc22/large_2sep_enum/large_valid.csv,/home/bulatov/bulatov/datasets/ilpc22/large_2sep_enum/large_test.csv,,,8.026329040527344,8.026329040527344,,,,,,,,
ilpc-large,t5-base,,transformers:T5ForConditionalGeneration,encoder-decoder,5e-06,128,1.0,linear,512,/home/bulatov/bulatov/KGLM/runs/t5-base/ilpc-large/lr5e-06_constant_with_warmup_adamw_wd1e-02_512-512_bs128_iters150000_baseline_pretrained_2sep_enum_eval/run_1/,True,False,/home/bulatov/bulatov/KGLM/runs/t5-base/ilpc-large/lr5e-06_constant_with_warmup_adamw_wd1e-02_512-512_bs128_iters150000_baseline_pretrained_2sep_enum/run_1,ilpc-large,/home/bulatov/bulatov/datasets/ilpc22/large_2sep_enum/large_train.csv,/home/bulatov/bulatov/datasets/ilpc22/large_2sep_enum/large_valid.csv,/home/bulatov/bulatov/datasets/ilpc22/large_2sep_enum/large_test.csv,/home/bulatov/bulatov/KGLM/faiss/entities_description.index,/home/chepurova/knowledge-graphs-language-models/faiss/large_verbalized_inference_entities_and_descriptions.json,0.137470543384552,7.020816802978516,0.111007459461689,0.14670071005821228,0.16938334703445435,0.20708955824375153,0.111007459461689,0.14670071005821228,0.16938334703445435,0.20708955824375153
ilpc-large,t5-base,,transformers:T5ForConditionalGeneration,encoder-decoder,5e-06,16,1.0,linear,512,./runs/t5-base/ilpc-large/lr5e-06_linear_adamw_wd1e-02_512-512_bs128_iters20000_pretrained_2sep_enum/run_1,False,False,,ilpc-large,/home/bulatov/bulatov/datasets/ilpc22/large_2sep_enum/large_train.csv,/home/bulatov/bulatov/datasets/ilpc22/large_2sep_enum/large_valid.csv,/home/bulatov/bulatov/datasets/ilpc22/large_2sep_enum/large_test.csv,./faiss/entities_description.index,/home/chepurova/knowledge-graphs-language-models/faiss/large_verbalized_inference_entities_and_descriptions.json,0.6529850959777832,8.096033096313477,0.12136685103178024,0.16196975111961365,0.1849469691514969,0.21607422828674316,0.12136685103178024,0.16196975111961365,0.1849469691514969,0.21607422828674316
ilpc-large,t5-base,,transformers:T5ForConditionalGeneration,encoder-decoder,1e-06,64,1.0,constant_with_warmup,512,./runs/t5-base/ilpc-large/lr1e-06_constant_with_warmup_adamw_wd1e-02_512-512_bs128_iters150000_baseline_pretrained_2sep_enum/run_1,True,False,,ilpc-large,/home/bulatov/bulatov/datasets/ilpc22/large_2sep_enum/large_train.csv,/home/bulatov/bulatov/datasets/ilpc22/large_2sep_enum/large_valid.csv,/home/bulatov/bulatov/datasets/ilpc22/large_2sep_enum/large_test.csv,,,,,,,,,,,,
ilpc-large,t5-base,,transformers:T5ForConditionalGeneration,encoder-decoder,1e-06,64,1.0,constant_with_warmup,512,./runs/t5-base/ilpc-large/lr1e-06_constant_with_warmup_adamw_wd1e-02_512-512_bs128_iters150000_baseline_pretrained_2sep_enum/run_1,True,False,,ilpc-large,/home/bulatov/bulatov/datasets/ilpc22/large_2sep_enum/large_train.csv,/home/bulatov/bulatov/datasets/ilpc22/large_2sep_enum/large_valid.csv,/home/bulatov/bulatov/datasets/ilpc22/large_2sep_enum/large_test.csv,,,0.14736221730709076,7.314077854156494,,,,,,,,
ilpc-large,t5-base,,transformers:T5ForConditionalGeneration,encoder-decoder,5e-06,64,1.0,linear,512,./runs/t5-base/ilpc-large/lr5e-06_linear_adamw_wd1e-02_512-512_bs128_iters50000_baseline_pretrained_2sep_enum_nodesc/run_1,True,True,,ilpc-large,/home/bulatov/bulatov/datasets/ilpc22/large_2sep_enum/large_train.csv,/home/bulatov/bulatov/datasets/ilpc22/large_2sep_enum/large_valid.csv,/home/bulatov/bulatov/datasets/ilpc22/large_2sep_enum/large_test.csv,,,8.581393241882324,8.581393241882324,0.10973572731018066,0.13631005585193634,0.16799291968345642,0.1983986645936966,,,,
ilpc-large,t5-base,,transformers:T5ForConditionalGeneration,encoder-decoder,5e-06,128,1.0,linear,512,./runs/test/t5-base/ilpc-large/lr5e-06_constant_with_warmup_adamw_wd1e-02_512-512_bs128_iters150000_pretrained_2sep_enum_nodesc_eval/run_1,False,False,./runs/t5-base/ilpc-large/lr5e-06_constant_with_warmup_adamw_wd1e-02_512-512_bs128_iters150000_pretrained_2sep_enum_nodesc/run_1,ilpc-large,/home/bulatov/bulatov/datasets/ilpc22/large_2sep_enum/large_train.csv,/home/bulatov/bulatov/datasets/ilpc22/large_2sep_enum/large_valid.csv,/home/bulatov/bulatov/datasets/ilpc22/large_2sep_enum/large_test.csv,,,0.0,8.900677680969238,,,,,,,,
ilpc-large,t5-base,,transformers:T5ForConditionalGeneration,encoder-decoder,5e-06,128,1.0,linear,512,./runs/test/t5-base/ilpc-large/lr5e-06_constant_with_warmup_adamw_wd1e-02_512-512_bs128_iters150000_pretrained_2sep_enum_nodesc_eval/run_1,False,False,./runs/t5-base/ilpc-large/lr5e-06_constant_with_warmup_adamw_wd1e-02_512-512_bs128_iters150000_pretrained_2sep_enum_nodesc/run_1,ilpc-large,/home/bulatov/bulatov/datasets/ilpc22/large_2sep_enum/large_train.csv,/home/bulatov/bulatov/datasets/ilpc22/large_2sep_enum/large_valid.csv,/home/bulatov/bulatov/datasets/ilpc22/large_2sep_enum/large_test.csv,,,8.900677680969238,8.900677680969238,0.11243736743927002,0.13856960833072662,0.17619608342647552,0.21023675799369812,,,,
ilpc-large,t5-base,,transformers:T5ForConditionalGeneration,encoder-decoder,5e-06,128,1.0,linear,512,./runs/test/t5-base/ilpc-large/lr5e-06_constant_with_warmup_adamw_wd1e-02_512-512_bs128_iters150000_pretrained_2sep_enum_nodesc_eval/run_1,False,False,./runs/t5-base/ilpc-large/lr5e-06_constant_with_warmup_adamw_wd1e-02_512-512_bs128_iters150000_pretrained_2sep_enum_nodesc/run_1,ilpc-large,/home/bulatov/bulatov/datasets/ilpc22/large_2sep_enum/large_train.csv,/home/bulatov/bulatov/datasets/ilpc22/large_2sep_enum/large_valid.csv,/home/bulatov/bulatov/datasets/ilpc22/large_2sep_enum/large_test.csv,,,0.0,8.900677680969238,0.04111405834555626,0.06518322229385376,0.07589153945446014,0.11307594180107117,,,,
ilpc-large,t5-base,,transformers:T5ForConditionalGeneration,encoder-decoder,5e-06,128,1.0,linear,512,./runs/test/t5-base/ilpc-large/lr5e-06_constant_with_warmup_adamw_wd1e-02_512-512_bs128_iters150000_pretrained_2sep_enum_nodesc_eval/run_1,False,False,./runs/t5-base/ilpc-large/lr5e-06_constant_with_warmup_adamw_wd1e-02_512-512_bs128_iters150000_pretrained_2sep_enum_nodesc/run_1,ilpc-large,/home/bulatov/bulatov/datasets/ilpc22/large_2sep_enum/large_train.csv,/home/bulatov/bulatov/datasets/ilpc22/large_2sep_enum/large_valid.csv,/home/bulatov/bulatov/datasets/ilpc22/large_2sep_enum/large_test.csv,,,0.0,8.900677680969238,,,,,,,,
ilpc-large,t5-base,,transformers:T5ForConditionalGeneration,encoder-decoder,5e-06,128,1.0,linear,512,./runs/test/t5-base/ilpc-large/lr5e-06_constant_with_warmup_adamw_wd1e-02_512-512_bs128_iters150000_pretrained_2sep_enum_nodesc_eval/run_1,False,False,./runs/t5-base/ilpc-large/lr5e-06_constant_with_warmup_adamw_wd1e-02_512-512_bs128_iters150000_pretrained_2sep_enum_nodesc/run_1,ilpc-large,/home/bulatov/bulatov/datasets/ilpc22/large_2sep_enum/large_train.csv,/home/bulatov/bulatov/datasets/ilpc22/large_2sep_enum/large_valid.csv,/home/bulatov/bulatov/datasets/ilpc22/large_2sep_enum/large_test.csv,,,0.0,8.900677680969238,0.04111405834555626,0.06518322229385376,0.07589153945446014,0.11307594180107117,,,,
ilpc-large,t5-base,,transformers:T5ForConditionalGeneration,encoder-decoder,5e-06,128,1.0,linear,512,./runs/test/t5-base/ilpc-large/lr5e-06_constant_with_warmup_adamw_wd1e-02_512-512_bs128_iters150000_baseline_pretrained_2sep_enum_nodesc_eval/run_1,True,True,./runs/t5-base/ilpc-large/lr5e-06_constant_with_warmup_adamw_wd1e-02_512-512_bs128_iters150000_baseline_pretrained_2sep_enum_nodesc/run_1,ilpc-large,/home/bulatov/bulatov/datasets/ilpc22/large_2sep_enum/large_train.csv,/home/bulatov/bulatov/datasets/ilpc22/large_2sep_enum/large_valid.csv,/home/bulatov/bulatov/datasets/ilpc22/large_2sep_enum/large_test.csv,,,0.0,8.026329040527344,,,,,,,,
ilpc-large,t5-base,,transformers:T5ForConditionalGeneration,encoder-decoder,5e-06,128,1.0,linear,512,./runs/test/t5-base/ilpc-large/lr5e-06_constant_with_warmup_adamw_wd1e-02_512-512_bs128_iters150000_baseline_pretrained_2sep_enum_nodesc_eval/run_1,True,True,./runs/t5-base/ilpc-large/lr5e-06_constant_with_warmup_adamw_wd1e-02_512-512_bs128_iters150000_baseline_pretrained_2sep_enum_nodesc/run_1,ilpc-large,/home/bulatov/bulatov/datasets/ilpc22/large_2sep_enum/large_train.csv,/home/bulatov/bulatov/datasets/ilpc22/large_2sep_enum/large_valid.csv,/home/bulatov/bulatov/datasets/ilpc22/large_2sep_enum/large_test.csv,,,0.0,8.026329040527344,0.032370567321777344,0.05496610701084137,0.0663129985332489,0.10384124517440796,,,,
ilpc-large,t5-base,,transformers:T5ForConditionalGeneration,encoder-decoder,5e-06,128,1.0,linear,512,./runs/test/t5-base/ilpc-large/lr5e-06_constant_with_warmup_adamw_wd1e-02_512-512_bs128_iters150000_baseline_pretrained_2sep_enum_nodesc_eval/run_1,True,True,./runs/t5-base/ilpc-large/lr5e-06_constant_with_warmup_adamw_wd1e-02_512-512_bs128_iters150000_baseline_pretrained_2sep_enum_nodesc/run_1,ilpc-large,/home/bulatov/bulatov/datasets/ilpc22/large_2sep_enum/large_train.csv,/home/bulatov/bulatov/datasets/ilpc22/large_2sep_enum/large_valid.csv,/home/bulatov/bulatov/datasets/ilpc22/large_2sep_enum/large_test.csv,,,8.026329040527344,8.026329040527344,0.10811474919319153,0.12967875599861145,0.17172610759735107,0.2071421593427658,,,,
ilpc-large,t5-base,,transformers:T5ForConditionalGeneration,encoder-decoder,5e-06,128,1.0,linear,512,/home/bulatov/bulatov/KGLM/runs/test/t5-base/ilpc-large/lr5e-06_constant_with_warmup_adamw_wd1e-02_512-512_bs128_iters150000_pretrained_2sep_enum_eval/run_1,False,False,/home/bulatov/bulatov/KGLM/runs/t5-base/ilpc-large/lr5e-06_constant_with_warmup_adamw_wd1e-02_512-512_bs128_iters150000_pretrained_2sep_enum/run_1,ilpc-large,/home/bulatov/bulatov/datasets/ilpc22/large_2sep_enum/large_train.csv,/home/bulatov/bulatov/datasets/ilpc22/large_2sep_enum/large_valid.csv,/home/bulatov/bulatov/datasets/ilpc22/large_2sep_enum/large_test.csv,/home/bulatov/bulatov/KGLM/faiss/entities_description.index,,0.6778662204742432,8.006680488586426,0.12034580856561661,0.16298261284828186,0.18749386072158813,0.21672070026397705,,,,
ilpc-large,t5-base,,transformers:T5ForConditionalGeneration,encoder-decoder,5e-06,128,1.0,linear,512,/home/bulatov/bulatov/KGLM/runs/test/t5-base/ilpc-large/lr5e-06_constant_with_warmup_adamw_wd1e-02_512-512_bs128_iters150000_pretrained_2sep_enum_eval/run_1,False,False,/home/bulatov/bulatov/KGLM/runs/t5-base/ilpc-large/lr5e-06_constant_with_warmup_adamw_wd1e-02_512-512_bs128_iters150000_pretrained_2sep_enum/run_1,ilpc-large,/home/bulatov/bulatov/datasets/ilpc22/large_2sep_enum/large_train.csv,/home/bulatov/bulatov/datasets/ilpc22/large_2sep_enum/large_valid.csv,/home/bulatov/bulatov/datasets/ilpc22/large_2sep_enum/large_test.csv,/home/bulatov/bulatov/KGLM/faiss/entities_description.index,,0.6778662204742432,8.006680488586426,0.12034580856561661,0.16298261284828186,0.18749386072158813,0.21672070026397705,,,,
ilpc-large,t5-base,,transformers:T5ForConditionalGeneration,encoder-decoder,5e-06,128,1.0,linear,512,./runs/test/t5-base/ilpc-large/lr5e-06_constant_with_warmup_adamw_wd1e-02_512-512_bs128_iters150000_baseline_pretrained_2sep_enum_eval/run_1,True,False,./runs/t5-base/ilpc-large/lr5e-06_constant_with_warmup_adamw_wd1e-02_512-512_bs128_iters150000_baseline_pretrained_2sep_enum/run_1,ilpc-large,/home/bulatov/bulatov/datasets/ilpc22/large_2sep_enum/large_train.csv,/home/bulatov/bulatov/datasets/ilpc22/large_2sep_enum/large_valid.csv,/home/bulatov/bulatov/datasets/ilpc22/large_2sep_enum/large_test.csv,,,0.13753807544708252,7.01935338973999,0.11101286858320236,0.1466745287179947,0.16936831176280975,0.20704391598701477,,,,
ilpc-large,t5-small,,transformers:T5ForConditionalGeneration,encoder-decoder,5e-06,128,1.0,linear,512,./runs/test/t5-small/ilpc-large/lr5e-06_constant_with_warmup_adamw_wd1e-02_512-512_bs128_iters250000_pretrained_2sep_enum_eval/run_1,False,False,./runs/t5-small/ilpc-large/lr5e-06_constant_with_warmup_adamw_wd1e-02_512-512_bs128_iters250000_pretrained_2sep_enum/run_1,ilpc-large,/home/bulatov/bulatov/datasets/ilpc22/large_2sep_enum/large_train.csv,/home/bulatov/bulatov/datasets/ilpc22/large_2sep_enum/large_valid.csv,/home/bulatov/bulatov/datasets/ilpc22/large_2sep_enum/large_test.csv,,,0.314372718334198,7.932999134063721,0.10222025960683823,0.13989587128162384,0.15723548829555511,0.19309362769126892,,,,
ilpc-large,t5-small,,transformers:T5ForConditionalGeneration,encoder-decoder,5e-06,128,1.0,linear,512,./runs/test/t5-small/ilpc-large/lr5e-06_constant_with_warmup_adamw_wd1e-02_512-512_bs128_iters250000_baseline_pretrained_2sep_enum_nodesc_eval/run_1,True,True,./runs/t5-small/ilpc-large/lr5e-06_constant_with_warmup_adamw_wd1e-02_512-512_bs128_iters250000_baseline_pretrained_2sep_enum_nodesc/run_1,ilpc-large,/home/bulatov/bulatov/datasets/ilpc22/large_2sep_enum/large_train.csv,/home/bulatov/bulatov/datasets/ilpc22/large_2sep_enum/large_valid.csv,/home/bulatov/bulatov/datasets/ilpc22/large_2sep_enum/large_test.csv,,,7.56459379196167,7.56459379196167,0.11297769844532013,0.13832400739192963,0.16529127955436707,0.19820217788219452,,,,
ilpc-large,t5-small,,transformers:T5ForConditionalGeneration,encoder-decoder,5e-06,128,1.0,linear,512,./runs/test/t5-small/ilpc-large/lr5e-06_constant_with_warmup_adamw_wd1e-02_512-512_bs128_iters250000_baseline_pretrained_2sep_enum_eval/run_1,True,False,./runs/t5-small/ilpc-large/lr5e-06_constant_with_warmup_adamw_wd1e-02_512-512_bs128_iters250000_baseline_pretrained_2sep_enum/run_1,ilpc-large,/home/bulatov/bulatov/datasets/ilpc22/large_2sep_enum/large_train.csv,/home/bulatov/bulatov/datasets/ilpc22/large_2sep_enum/large_valid.csv,/home/bulatov/bulatov/datasets/ilpc22/large_2sep_enum/large_test.csv,,,0.04420866444706917,7.2011003494262695,0.10605167597532272,0.15271638333797455,0.1725611537694931,0.19682680070400238,,,,
ilpc-small,t5-small,,transformers:T5ForConditionalGeneration,encoder-decoder,5e-06,128,1.0,linear,512,/home/bulatov/bulatov/KGLM/runs/t5-small/ilpc-small/lr5e-06_constant_with_warmup_adamw_wd1e-02_512-512_bs128_iters100000_baseline_pretrained_2sep_enum_nodesc_eval/run_1/,True,True,/home/bulatov/bulatov/KGLM/runs/t5-small/ilpc-small/lr5e-06_constant_with_warmup_adamw_wd1e-02_512-512_bs128_iters100000_baseline_pretrained_2sep_enum_nodesc/run_1,ilpc-small,/home/bulatov/bulatov/datasets/ilpc22/small_2sep_enum/small_train.csv,/home/bulatov/bulatov/datasets/ilpc22/small_2sep_enum/small_valid.csv,/home/bulatov/bulatov/datasets/ilpc22/small_2sep_enum/small_test.csv,/home/bulatov/bulatov/KGLM/faiss/entities_small.index,/home/chepurova/knowledge-graphs-language-models/faiss/small_verbalized_inference_entities.json,4.92763614654541,4.92763614654541,0.07339765876531601,0.11681599169969559,0.13473466038703918,0.1766023486852646,0.07081323117017746,0.09545141458511353,0.10975189507007599,0.14472776651382446
ilpc-small,t5-small,,transformers:T5ForConditionalGeneration,encoder-decoder,5e-06,128,1.0,linear,512,/home/bulatov/bulatov/KGLM/runs/t5-small/ilpc-small/lr5e-06_constant_with_warmup_adamw_wd1e-02_512-512_bs128_iters100000_pretrained_2sep_enum_nodesc_eval/run_1/,False,True,/home/bulatov/bulatov/KGLM/runs/t5-small/ilpc-small/lr5e-06_constant_with_warmup_adamw_wd1e-02_512-512_bs128_iters100000_pretrained_2sep_enum_nodesc/run_1/,ilpc-small,/home/bulatov/bulatov/datasets/ilpc22/small_2sep_enum/small_train.csv,/home/bulatov/bulatov/datasets/ilpc22/small_2sep_enum/small_valid.csv,/home/bulatov/bulatov/datasets/ilpc22/small_2sep_enum/small_test.csv,/home/bulatov/bulatov/KGLM/faiss/entities_small.index,/home/chepurova/knowledge-graphs-language-models/faiss/small_verbalized_inference_entities.json,4.359062671661377,4.359062671661377,0.07615437358617783,0.13662990927696228,0.1619572639465332,0.20864920318126678,0.07408683747053146,0.1257753223180771,0.1445554792881012,0.18349413573741913
ilpc-small,t5-small,,transformers:T5ForConditionalGeneration,encoder-decoder,5e-06,64,1.0,constant_with_warmup,512,./runs/t5-small/ilpc-small/lr5e-06_constant_with_warmup_adamw_wd1e-02_512-512_bs128_iters100000_pretrained_2sep_enum_nodesc/run_1,False,True,,ilpc-small,/home/bulatov/bulatov/datasets/ilpc22/small_2sep_enum/small_train.csv,/home/bulatov/bulatov/datasets/ilpc22/small_2sep_enum/small_valid.csv,/home/bulatov/bulatov/datasets/ilpc22/small_2sep_enum/small_test.csv,./faiss/entities_small.index,,,,,,,,,,,
ilpc-small,t5-small,,transformers:T5ForConditionalGeneration,encoder-decoder,5e-06,128,1.0,linear,512,./runs/t5-small/ilpc-small/lr5e-06_linear_adamw_wd1e-02_512-512_bs128_iters100000_baseline_pretrained_2sep_enum/run_1,True,False,,ilpc-small,/home/bulatov/bulatov/datasets/ilpc22/small_2sep_enum/small_train.csv,/home/bulatov/bulatov/datasets/ilpc22/small_2sep_enum/small_valid.csv,/home/bulatov/bulatov/datasets/ilpc22/small_2sep_enum/small_test.csv,./faiss/entities_description_small.index,,,,,,,,,,,
ilpc-small,t5-small,,transformers:T5ForConditionalGeneration,encoder-decoder,5e-06,128,1.0,linear,512,./runs/t5-small/ilpc-small/lr5e-06_linear_adamw_wd1e-02_512-512_bs128_iters100000_baseline_pretrained_2sep_enum/run_1,True,False,,ilpc-small,/home/bulatov/bulatov/datasets/ilpc22/small_2sep_enum/small_train.csv,/home/bulatov/bulatov/datasets/ilpc22/small_2sep_enum/small_valid.csv,/home/bulatov/bulatov/datasets/ilpc22/small_2sep_enum/small_test.csv,./faiss/entities_description_small.index,,,,,,,,,,,
ilpc-small,t5-small,,transformers:T5ForConditionalGeneration,encoder-decoder,5e-06,128,1.0,linear,512,./runs/t5-small/ilpc-small/lr5e-06_linear_adamw_wd1e-02_512-512_bs128_iters30000_baseline_pretrained_2sep_enum_nodesc/run_1,True,True,,ilpc-small,/home/bulatov/bulatov/datasets/ilpc22/small_2sep_enum/small_train.csv,/home/bulatov/bulatov/datasets/ilpc22/small_2sep_enum/small_valid.csv,/home/bulatov/bulatov/datasets/ilpc22/small_2sep_enum/small_test.csv,./faiss/entities_small.index,/home/chepurova/knowledge-graphs-language-models/faiss/small_verbalized_inference_entities.json,3.445899486541748,3.445899486541748,0.07305306941270828,0.1342177838087082,0.1595451384782791,0.20727084577083588,0.07098552584648132,0.12818746268749237,0.15041351318359375,0.19417643547058105
ilpc-small,t5-small,,transformers:T5ForConditionalGeneration,encoder-decoder,5e-06,64,1.0,linear,512,./runs/t5-small/ilpc-small/lr5e-06_linear_adamw_wd1e-02_512-512_bs128_iters30000_pretrained_2sep_enum_nodesc/run_1,False,True,,ilpc-small,/home/bulatov/bulatov/datasets/ilpc22/small_2sep_enum/small_train.csv,/home/bulatov/bulatov/datasets/ilpc22/small_2sep_enum/small_valid.csv,/home/bulatov/bulatov/datasets/ilpc22/small_2sep_enum/small_test.csv,./faiss/entities_small.index,/home/chepurova/knowledge-graphs-language-models/faiss/small_verbalized_inference_entities.json,4.255685806274414,4.255685806274414,0.07494831085205078,0.13025499880313873,0.15609924495220184,0.20072363317012787,0.07288077473640442,0.120089590549469,0.14059269428253174,0.17901447415351868
ilpc-small,t5-small,,transformers:T5ForConditionalGeneration,encoder-decoder,5e-06,128,1.0,linear,512,./runs/t5-small/ilpc-small/lr5e-06_linear_adamw_wd1e-02_512-512_bs128_iters30000_baseline_pretrained_2sep_enum/run_1,True,False,,ilpc-small,/home/bulatov/bulatov/datasets/ilpc22/small_2sep_enum/small_train.csv,/home/bulatov/bulatov/datasets/ilpc22/small_2sep_enum/small_valid.csv,/home/bulatov/bulatov/datasets/ilpc22/small_2sep_enum/small_test.csv,./faiss/entities_description_small.index,/home/chepurova/knowledge-graphs-language-models/faiss/small_verbalized_inference_entities_and_descriptions.json,0.0,3.3252928256988525,0.0739145427942276,0.10199861973524094,0.11888352781534195,0.15179187059402466,0.0739145427942276,0.10199861973524094,0.11888352781534195,0.15179187059402466
ilpc-small,,t5-small,transformers:T5ForConditionalGeneration,encoder-decoder,5e-06,64,1.0,constant_with_warmup,512,./runs/t5-small/ilpc-small/lr5e-06_constant_with_warmup_adamw_wd1e-02_512-512_bs128_iters100000_2sep_enum/run_1,False,False,,ilpc-small,/home/bulatov/bulatov/datasets/ilpc22/small_2sep_enum/small_train.csv,/home/bulatov/bulatov/datasets/ilpc22/small_2sep_enum/small_valid.csv,/home/bulatov/bulatov/datasets/ilpc22/small_2sep_enum/small_test.csv,./faiss/entities_description_small.index,,,,,,,,,,,
ilpc-small,t5-small,,transformers:T5ForConditionalGeneration,encoder-decoder,5e-06,64,1.0,linear,512,./runs/t5-small/ilpc-small/lr5e-06_linear_adamw_wd1e-02_512-512_bs128_iters30000_pretrained_2sep_enum/run_1,False,False,,ilpc-small,/home/bulatov/bulatov/datasets/ilpc22/small_2sep_enum/small_train.csv,/home/bulatov/bulatov/datasets/ilpc22/small_2sep_enum/small_valid.csv,/home/bulatov/bulatov/datasets/ilpc22/small_2sep_enum/small_test.csv,./faiss/entities_description_small.index,/home/chepurova/knowledge-graphs-language-models/faiss/small_verbalized_inference_entities_and_descriptions.json,0.3790489435195923,4.548587322235107,0.07546519488096237,0.11285320669412613,0.13783597946166992,0.1774638146162033,0.07546519488096237,0.11285320669412613,0.13783597946166992,0.1774638146162033
ilpc-small,t5-small,,transformers:T5ForConditionalGeneration,encoder-decoder,5e-06,128,1.0,linear,512,/home/bulatov/bulatov/KGLM/runs/t5-small/ilpc-small/lr5e-06_constant_with_warmup_adamw_wd1e-02_512-512_bs128_iters100000_pretrained_2sep_enum_eval/run_1/,False,False,/home/bulatov/bulatov/KGLM/runs/t5-small/ilpc-small/lr5e-06_constant_with_warmup_adamw_wd1e-02_512-512_bs128_iters100000_pretrained_2sep_enum/run_1,ilpc-small,/home/bulatov/bulatov/datasets/ilpc22/small_2sep_enum/small_train.csv,/home/bulatov/bulatov/datasets/ilpc22/small_2sep_enum/small_valid.csv,/home/bulatov/bulatov/datasets/ilpc22/small_2sep_enum/small_test.csv,/home/bulatov/bulatov/KGLM/faiss/entities_description_small.index,/home/chepurova/knowledge-graphs-language-models/faiss/small_verbalized_inference_entities_and_descriptions.json,0.2929014563560486,5.082701683044434,0.06753962486982346,0.10509993135929108,0.13128876686096191,0.1807374209165573,0.06753962486982346,0.10509993135929108,0.13128876686096191,0.1807374209165573
ilpc-small,t5-small,,transformers:T5ForConditionalGeneration,encoder-decoder,5e-06,64,1.0,linear,512,./runs/t5-small/ilpc-small/lr5e-06_linear_adamw_wd1e-02_512-512_bs128_iters100000_pretrained_2sep_enum_nodesc/run_1,False,True,,ilpc-small,/home/bulatov/bulatov/datasets/ilpc22/small_2sep_enum/small_train.csv,/home/bulatov/bulatov/datasets/ilpc22/small_2sep_enum/small_valid.csv,/home/bulatov/bulatov/datasets/ilpc22/small_2sep_enum/small_test.csv,./faiss/entities_small.index,,,,,,,,,,,
ilpc-small,t5-small,,transformers:T5ForConditionalGeneration,encoder-decoder,5e-06,128,1.0,constant_with_warmup,512,./runs/t5-small/ilpc-small/lr5e-06_constant_with_warmup_adamw_wd1e-02_512-512_bs128_iters100000_baseline_pretrained_2sep_enum_nodesc/run_1,True,True,,ilpc-small,/home/bulatov/bulatov/datasets/ilpc22/small_2sep_enum/small_train.csv,/home/bulatov/bulatov/datasets/ilpc22/small_2sep_enum/small_valid.csv,/home/bulatov/bulatov/datasets/ilpc22/small_2sep_enum/small_test.csv,./faiss/entities_small.index,,,,,,,,,,,
ilpc-small,t5-small,,transformers:T5ForConditionalGeneration,encoder-decoder,5e-06,128,1.0,linear,512,./runs/t5-small/ilpc-small/lr5e-06_linear_adamw_wd1e-02_512-512_bs128_iters100000_baseline_pretrained_2sep_enum_nodesc/run_1,True,True,,ilpc-small,/home/bulatov/bulatov/datasets/ilpc22/small_2sep_enum/small_train.csv,/home/bulatov/bulatov/datasets/ilpc22/small_2sep_enum/small_valid.csv,/home/bulatov/bulatov/datasets/ilpc22/small_2sep_enum/small_test.csv,./faiss/entities_small.index,,,,,,,,,,,
ilpc-small,t5-small,,transformers:T5ForConditionalGeneration,encoder-decoder,5e-06,128,1.0,constant_with_warmup,512,./runs/t5-small/ilpc-small/lr5e-06_constant_with_warmup_adamw_wd1e-02_512-512_bs128_iters100000_baseline_pretrained_2sep_enum/run_1,True,False,,ilpc-small,/home/bulatov/bulatov/datasets/ilpc22/small_2sep_enum/small_train.csv,/home/bulatov/bulatov/datasets/ilpc22/small_2sep_enum/small_valid.csv,/home/bulatov/bulatov/datasets/ilpc22/small_2sep_enum/small_test.csv,./faiss/entities_description_small.index,,,,,,,,,,,
ilpc-small,,t5-small,transformers:T5ForConditionalGeneration,encoder-decoder,5e-06,128,1.0,constant_with_warmup,512,./runs/t5-small/ilpc-small/lr5e-06_constant_with_warmup_adamw_wd1e-02_512-512_bs128_iters100000_baseline_2sep_enum/run_1,True,False,,ilpc-small,/home/bulatov/bulatov/datasets/ilpc22/small_2sep_enum/small_train.csv,/home/bulatov/bulatov/datasets/ilpc22/small_2sep_enum/small_valid.csv,/home/bulatov/bulatov/datasets/ilpc22/small_2sep_enum/small_test.csv,./faiss/entities_description_small.index,,,,,,,,,,,
ilpc-small,t5-small,,transformers:T5ForConditionalGeneration,encoder-decoder,5e-06,128,1.0,linear,512,/home/bulatov/bulatov/KGLM/runs/t5-small/ilpc-small/lr5e-06_constant_with_warmup_adamw_wd1e-02_512-512_bs128_iters100000_baseline_pretrained_2sep_enum_eval/run_1/,True,False,/home/bulatov/bulatov/KGLM/runs/t5-small/ilpc-small/lr5e-06_constant_with_warmup_adamw_wd1e-02_512-512_bs128_iters100000_baseline_pretrained_2sep_enum/run_1,ilpc-small,/home/bulatov/bulatov/datasets/ilpc22/small_2sep_enum/small_train.csv,/home/bulatov/bulatov/datasets/ilpc22/small_2sep_enum/small_valid.csv,/home/bulatov/bulatov/datasets/ilpc22/small_2sep_enum/small_test.csv,/home/bulatov/bulatov/KGLM/faiss/entities_description_small.index,/home/chepurova/knowledge-graphs-language-models/faiss/small_verbalized_inference_entities_and_descriptions.json,0.01722949743270874,4.60027551651001,0.05530668422579765,0.08924879133701324,0.12095107138156891,0.1614403873682022,0.05530668422579765,0.08924879133701324,0.12095107138156891,0.1614403873682022
ilpc-small,t5-small,,transformers:T5ForConditionalGeneration,encoder-decoder,5e-06,64,1.0,constant_with_warmup,512,./runs/t5-small/ilpc-small/lr5e-06_constant_with_warmup_adamw_wd1e-02_512-512_bs128_iters100000_pretrained_2sep_enum/run_1,False,False,,ilpc-small,/home/bulatov/bulatov/datasets/ilpc22/small_2sep_enum/small_train.csv,/home/bulatov/bulatov/datasets/ilpc22/small_2sep_enum/small_valid.csv,/home/bulatov/bulatov/datasets/ilpc22/small_2sep_enum/small_test.csv,./faiss/entities_description_small.index,,,,,,,,,,,
ilpc-small,,t5-small,transformers:T5ForConditionalGeneration,encoder-decoder,4e-06,64,1.0,constant_with_warmup,512,./runs/t5-small/ilpc-small/lr4e-06_constant_with_warmup_adamw_wd1e-02_512-512_bs128_iters100000_2sep_enum/run_1,False,False,,ilpc-small,/home/bulatov/bulatov/datasets/ilpc22/small_2sep_enum/small_train.csv,/home/bulatov/bulatov/datasets/ilpc22/small_2sep_enum/small_valid.csv,/home/bulatov/bulatov/datasets/ilpc22/small_2sep_enum/small_test.csv,./faiss/entities_description_small.index,,,,,,,,,,,
ilpc-small,,t5-small,transformers:T5ForConditionalGeneration,encoder-decoder,4e-06,64,1.0,constant_with_warmup,512,./runs/t5-small/ilpc-small/lr4e-06_constant_with_warmup_adamw_wd1e-02_512-512_bs128_iters100000_2sep_enum/run_1,False,False,,ilpc-small,/home/bulatov/bulatov/datasets/ilpc22/small_2sep_enum/small_train.csv,/home/bulatov/bulatov/datasets/ilpc22/small_2sep_enum/small_valid.csv,/home/bulatov/bulatov/datasets/ilpc22/small_2sep_enum/small_test.csv,./faiss/entities_description_small.index,,,,,,,,,,,
ilpc-small,,t5-small,transformers:T5ForConditionalGeneration,encoder-decoder,4e-06,128,1.0,constant_with_warmup,512,./runs/t5-small/ilpc-small/lr4e-06_constant_with_warmup_adamw_wd1e-02_512-512_bs128_iters100000_baseline_2sep_enum/run_1,True,False,,ilpc-small,/home/bulatov/bulatov/datasets/ilpc22/small_2sep_enum/small_train.csv,/home/bulatov/bulatov/datasets/ilpc22/small_2sep_enum/small_valid.csv,/home/bulatov/bulatov/datasets/ilpc22/small_2sep_enum/small_test.csv,./faiss/entities_description_small.index,,,,,,,,,,,
ilpc-small,,t5-small,transformers:T5ForConditionalGeneration,encoder-decoder,4e-06,128,1.0,constant_with_warmup,512,./runs/t5-small/ilpc-small/lr4e-06_constant_with_warmup_adamw_wd1e-02_512-512_bs128_iters100000_baseline_2sep_enum/run_1,True,False,,ilpc-small,/home/bulatov/bulatov/datasets/ilpc22/small_2sep_enum/small_train.csv,/home/bulatov/bulatov/datasets/ilpc22/small_2sep_enum/small_valid.csv,/home/bulatov/bulatov/datasets/ilpc22/small_2sep_enum/small_test.csv,./faiss/entities_description_small.index,,,,,,,,,,,
ilpc-small,t5-small,,transformers:T5ForConditionalGeneration,encoder-decoder,5e-06,64,1.0,linear,512,./runs/t5-small/ilpc-small/lr5e-06_linear_adamw_wd1e-02_512-512_bs128_iters100000_pretrained_2sep_enum/run_1,False,False,,ilpc-small,/home/bulatov/bulatov/datasets/ilpc22/small_2sep_enum/small_train.csv,/home/bulatov/bulatov/datasets/ilpc22/small_2sep_enum/small_valid.csv,/home/bulatov/bulatov/datasets/ilpc22/small_2sep_enum/small_test.csv,./faiss/entities_description_small.index,,,,,,,,,,,
contract_nli,,./t5configs/t5-small.json,transformers:T5ForConditionalGeneration,encoder-decoder,0.0005,8,,constant_with_warmup,512,./runs/t5-small/lr5e-04_constant_with_warmup_adamw_wd1e-03_512-512_bs32_iters100000/run_0,,,,contract_nli,,,,,,,,,,,,,,,
contract_nli,,./t5configs/t5-small.json,transformers:T5ForConditionalGeneration,encoder-decoder,0.0005,8,,constant_with_warmup,512,./runs/t5-small/lr5e-04_constant_with_warmup_adamw_wd1e-03_512-512_bs32_iters100000/run_2,,,,contract_nli,,,,,,,,,,,,,,,
contract_nli,,./t5configs/t5-small.json,transformers:T5ForConditionalGeneration,encoder-decoder,0.0005,8,,constant_with_warmup,512,./runs/t5-small/lr5e-04_constant_with_warmup_adamw_wd1e-03_512-512_bs32_iters100000/run_1,,,,contract_nli,,,,,,,,,,,,,,,
contract_nli,t5-small,,transformers:T5ForConditionalGeneration,encoder-decoder,0.0005,8,,linear,512,./runs/t5-small/lr5e-04_linear_adamw_wd1e-03_512-512_bs32_iters100000_pretrained/run_0,,,,contract_nli,,,,,,,,,,,,,,,
contract_nli,t5-small,,transformers:T5ForConditionalGeneration,encoder-decoder,0.0005,8,,linear,512,./runs/t5-small/lr5e-04_linear_adamw_wd1e-03_512-512_bs32_iters100000_pretrained/run_2,,,,contract_nli,,,,,,,,,,,,,,,
contract_nli,,./t5configs/t5-small.json,transformers:T5ForConditionalGeneration,encoder-decoder,5e-05,16,4.0,constant_with_warmup,512,./runs/t5-small/lr5e-05_constant_with_warmup_adamw_wd1e-03_512-512_bs64_iters4000000/run_1,False,,,contract_nli,,,,,,,,,,,,,,,
contract_nli,,./t5configs/t5-small.json,transformers:T5ForConditionalGeneration,encoder-decoder,5e-05,16,4.0,constant_with_warmup,512,./runs/t5-small/lr5e-05_constant_with_warmup_adamw_wd1e-03_512-512_bs64_iters4000000/run_1,False,,,contract_nli,,,,,,,,,,,,,,,
contract_nli,,./t5configs/t5-small.json,transformers:T5ForConditionalGeneration,encoder-decoder,0.0005,8,,constant_with_warmup,512,./runs/t5-small/lr5e-04_constant_with_warmup_adamw_wd1e-03_512-512_bs32_iters400000/run_3,,,,contract_nli,,,,,,,,,,,,,,,
contract_nli,,./t5configs/t5-small.json,transformers:T5ForConditionalGeneration,encoder-decoder,0.0005,8,,constant_with_warmup,512,./runs/t5-small/lr5e-04_constant_with_warmup_adamw_wd1e-03_512-512_bs32_iters400000/run_3,,,,contract_nli,,,,,,,,,,,,,,,
contract_nli,,./t5configs/t5-small.json,transformers:T5ForConditionalGeneration,encoder-decoder,0.0005,8,,constant_with_warmup,512,./runs/t5-small/lr5e-04_constant_with_warmup_adamw_wd1e-03_512-512_bs32_iters400000/run_3,,,,contract_nli,,,,,,,,,,,,,,,
contract_nli,,./t5configs/t5-small.json,transformers:T5ForConditionalGeneration,encoder-decoder,0.0005,8,,constant_with_warmup,512,./runs/t5-small/lr5e-04_constant_with_warmup_adamw_wd1e-03_512-512_bs32_iters400000/run_1,,,,contract_nli,,,,,,,,,,,,,,,
contract_nli,,./t5configs/t5-small.json,transformers:T5ForConditionalGeneration,encoder-decoder,0.0001,8,,linear,512,./runs/t5-small/lr1e-04_linear_adamw_wd1e-03_512-512_bs32_iters100000/run_0,,,,contract_nli,,,,,,,,,,,,,,,
contract_nli,,./t5configs/t5-small.json,transformers:T5ForConditionalGeneration,encoder-decoder,5e-05,16,,constant_with_warmup,512,./runs/t5-small/lr5e-05_constant_with_warmup_adamw_wd1e-03_512-512_bs64_iters1000000/run_0,False,,,contract_nli,,,,,,,,,,,,,,,
contract_nli,t5-small,,transformers:T5ForConditionalGeneration,encoder-decoder,5e-05,8,,linear,512,./runs/t5-small/lr5e-05_linear_adamw_wd1e-03_512-512_bs32_iters100000_pretrained/run_0,,,,contract_nli,,,,,,,,,,,,,,,
contract_nli,t5-small,,transformers:T5ForConditionalGeneration,encoder-decoder,5e-05,8,,linear,512,./runs/t5-small/lr5e-05_linear_adamw_wd1e-03_512-512_bs32_iters100000_pretrained/run_2,,,,contract_nli,,,,,,,,,,,,,,,
contract_nli,,./t5configs/t5-small.json,transformers:T5ForConditionalGeneration,encoder-decoder,0.0001,8,,linear,512,./runs/t5-small/lr1e-04_linear_adamw_wd1e-03_512-512_bs32_iters1000000/run_1,True,,,contract_nli,,,,,,,,,,,,,,,
contract_nli,,./t5configs/t5-small.json,transformers:T5ForConditionalGeneration,encoder-decoder,0.0001,8,,linear,512,./runs/t5-small/lr1e-04_linear_adamw_wd1e-03_512-512_bs32_iters1000000/run_1,True,,,contract_nli,,,,,,,,,,,,,,,
contract_nli,,./t5configs/t5-small.json,transformers:T5ForConditionalGeneration,encoder-decoder,0.0001,8,,linear,512,./runs/t5-small/lr1e-04_linear_adamw_wd1e-03_512-512_bs32_iters400000/run_0,,,,contract_nli,,,,,,,,,,,,,,,
contract_nli,,./t5configs/t5-small.json,transformers:T5ForConditionalGeneration,encoder-decoder,5e-05,16,4.0,constant_with_warmup,512,./runs/t5-small/lr5e-05_constant_with_warmup_adamw_wd1e-03_512-512_bs64_iters4000000_baseline/run_3,True,,,contract_nli,,,,,,,,,,,,,,,
contract_nli,,./t5configs/t5-small.json,transformers:T5ForConditionalGeneration,encoder-decoder,5e-05,16,4.0,constant_with_warmup,512,./runs/t5-small/lr5e-05_constant_with_warmup_adamw_wd1e-03_512-512_bs64_iters4000000_baseline/run_2,True,,,contract_nli,,,,,,,,,,,,,,,
contract_nli,,./t5configs/t5-small.json,transformers:T5ForConditionalGeneration,encoder-decoder,5e-05,16,4.0,constant_with_warmup,512,./runs/t5-small/lr5e-05_constant_with_warmup_adamw_wd1e-03_512-512_bs64_iters4000000_baseline/run_2,True,,,contract_nli,,,,,,,,,,,,,,,
contract_nli,,./t5configs/t5-small.json,transformers:T5ForConditionalGeneration,encoder-decoder,5e-05,64,1.0,constant_with_warmup,512,./runs/t5-small/lr5e-05_constant_with_warmup_adamw_wd1e-03_512-512_bs64_iters4000000_baseline/run_5,True,,,contract_nli,,,,,,,,,,,,,,,
contract_nli,,./t5configs/t5-small.json,transformers:T5ForConditionalGeneration,encoder-decoder,5e-05,16,4.0,constant_with_warmup,512,./runs/t5-small/lr5e-05_constant_with_warmup_adamw_wd1e-03_512-512_bs64_iters4000000_baseline/run_1,True,,,contract_nli,,,,,,,,,,,,,,,
contract_nli,,./t5configs/t5-small.json,transformers:T5ForConditionalGeneration,encoder-decoder,5e-05,16,4.0,constant_with_warmup,512,./runs/t5-small/lr5e-05_constant_with_warmup_adamw_wd1e-03_512-512_bs64_iters4000000_baseline/run_1,True,,,contract_nli,,,,,,,,,,,,,,,
contract_nli,,./t5configs/t5-small.json,transformers:T5ForConditionalGeneration,encoder-decoder,0.0005,8,,linear,512,./runs/t5-small/lr5e-04_linear_adamw_wd1e-03_512-512_bs32_iters1000000/run_3,,,,contract_nli,,,,,,,,,,,,,,,
contract_nli,t5-small,,transformers:T5ForConditionalGeneration,encoder-decoder,0.0001,8,,linear,512,./runs/t5-small/lr1e-04_linear_adamw_wd1e-03_512-512_bs32_iters100000_pretrained/run_0,,,,contract_nli,,,,,,,,,,,,,,,
contract_nli,t5-small,,transformers:T5ForConditionalGeneration,encoder-decoder,0.0001,8,,linear,512,./runs/t5-small/lr1e-04_linear_adamw_wd1e-03_512-512_bs32_iters100000_pretrained/run_2,,,,contract_nli,,,,,,,,,,,,,,,
contract_nli,,./t5configs/t5-small.json,transformers:T5ForConditionalGeneration,encoder-decoder,0.0001,8,,constant_with_warmup,512,./runs/t5-small/lr1e-04_constant_with_warmup_adamw_wd1e-03_512-512_bs32_iters100000/run_0,,,,contract_nli,,,,,,,,,,,,,,,
contract_nli,,./t5configs/t5-small.json,transformers:T5ForConditionalGeneration,encoder-decoder,5e-05,8,,constant_with_warmup,512,./runs/t5-small/lr5e-05_constant_with_warmup_adamw_wd1e-03_512-512_bs32_iters1000000/run_3,,,,contract_nli,,,,,,,,,,,,,,,
contract_nli,,t5-small,transformers:T5ForConditionalGeneration,encoder-decoder,5e-05,32,4.0,constant_with_warmup,512,./runs/t5-small/lr5e-05_constant_with_warmup_adamw_wd1e-03_512-512_bs64_iters4000000_baseline_vanilla_config/run_0,True,,,contract_nli,,,,,,,,,,,,,,,
contract_nli,,t5-small,transformers:T5ForConditionalGeneration,encoder-decoder,5e-05,16,4.0,constant_with_warmup,512,./runs/t5-small/lr5e-05_constant_with_warmup_adamw_wd1e-03_512-512_bs64_iters4000000_baseline_vanilla_config/run_2,True,,,contract_nli,,,,,,,,,,,,,,,
contract_nli,,./t5configs/t5-small.json,transformers:T5ForConditionalGeneration,encoder-decoder,0.0005,8,,linear,512,./runs/t5-small/lr5e-04_linear_adamw_wd1e-03_512-512_bs32_iters100000/run_0,,,,contract_nli,,,,,,,,,,,,,,,
contract_nli,,./t5configs/t5-small.json,transformers:T5ForConditionalGeneration,encoder-decoder,0.0005,8,,linear,512,./runs/t5-small/lr5e-04_linear_adamw_wd1e-03_512-512_bs32_iters100000/run_2,,,,contract_nli,,,,,,,,,,,,,,,
contract_nli,t5-small,,transformers:T5ForConditionalGeneration,encoder-decoder,0.0005,4,,linear,512,./runs/t5-small/lr5e-04_linear_adamw_wd1e-03_512-512_bs32_iters400000_pretrained/run_0,,,,contract_nli,,,,,,,,,,,,,,,
contract_nli,,./t5configs/t5-small.json,transformers:T5ForConditionalGeneration,encoder-decoder,5e-05,8,,constant_with_warmup,512,./runs/t5-small/lr5e-05_constant_with_warmup_adamw_wd1e-03_512-512_bs32_iters100000/run_0,,,,contract_nli,,,,,,,,,,,,,,,
contract_nli,,./t5configs/t5-small.json,transformers:T5ForConditionalGeneration,encoder-decoder,5e-05,8,,constant_with_warmup,512,./runs/t5-small/lr5e-05_constant_with_warmup_adamw_wd1e-03_512-512_bs32_iters100000/run_2,,,,contract_nli,,,,,,,,,,,,,,,
contract_nli,t5-small,,transformers:T5ForConditionalGeneration,encoder-decoder,0.0005,8,,linear,512,./runs/t5-small/lr5e-04_linear_adamw_wd1e-03_512-512_bs32_iters400000/run_1,,,,contract_nli,,,,,,,,,,,,,,,
contract_nli,,./t5configs/t5-small.json,transformers:T5ForConditionalGeneration,encoder-decoder,0.0005,8,,linear,512,./runs/t5-small/lr5e-04_linear_adamw_wd1e-03_512-512_bs32_iters400000/run_4,,,,contract_nli,,,,,,,,,,,,,,,
contract_nli,,./t5configs/t5-small.json,transformers:T5ForConditionalGeneration,encoder-decoder,0.0002,8,,linear,512,./runs/t5-small/lr2e-04_linear_adamw_wd1e-03_512-512_bs32_iters400000/run_0,,,,contract_nli,,,,,,,,,,,,,,,
contract_nli,,./t5configs/t5-small.json,transformers:T5ForConditionalGeneration,encoder-decoder,5e-05,8,,linear,512,./runs/t5-small/lr5e-05_linear_adamw_wd1e-03_512-512_bs32_iters100000/run_0,,,,contract_nli,,,,,,,,,,,,,,,
contract_nli,,./t5configs/t5-small.json,transformers:T5ForConditionalGeneration,encoder-decoder,5e-05,8,,linear,512,./runs/t5-small/lr5e-05_linear_adamw_wd1e-03_512-512_bs32_iters100000/run_2,,,,contract_nli,,,,,,,,,,,,,,,
contract_nli,,./t5configs/t5-small.json,transformers:T5ForConditionalGeneration,encoder-decoder,5e-05,8,,constant_with_warmup,512,./runs/t5-small/lr5e-05_constant_with_warmup_adamw_wd1e-03_512-512_bs32_iters1000000_baseline/run_1,True,,,contract_nli,,,,,,,,,,,,,,,
contract_nli,t5-small,,transformers:T5ForConditionalGeneration,encoder-decoder,0.0005,8,,constant_with_warmup,512,./runs/t5-small/lr5e-04_constant_with_warmup_adamw_wd1e-03_512-512_bs32_iters100000_pretrained/run_0,,,,contract_nli,,,,,,,,,,,,,,,
contract_nli,t5-small,,transformers:T5ForConditionalGeneration,encoder-decoder,0.0005,8,,constant_with_warmup,512,./runs/t5-small/lr5e-04_constant_with_warmup_adamw_wd1e-03_512-512_bs32_iters100000_pretrained/run_2,,,,contract_nli,,,,,,,,,,,,,,,
contract_nli,t5-small,,transformers:T5ForConditionalGeneration,encoder-decoder,0.0005,8,,constant_with_warmup,512,./runs/t5-small/lr5e-04_constant_with_warmup_adamw_wd1e-03_512-512_bs32_iters100000_pretrained/run_1,,,,contract_nli,,,,,,,,,,,,,,,
contract_nli,,./t5configs/t5-small.json,transformers:T5ForConditionalGeneration,encoder-decoder,0.0001,8,,linear,512,./runs/t5-small/lr1e-04_linear_adamw_wd1e-03_512-512_bs32_iters1000000_baseline/run_1,True,,,contract_nli,,,,,,,,,,,,,,,
contract_nli,,./t5configs/t5-small.json,transformers:T5ForConditionalGeneration,encoder-decoder,5e-05,16,,constant_with_warmup,512,./runs/t5-small/lr5e-05_constant_with_warmup_adamw_wd1e-03_512-512_bs64_iters1000000_baseline/run_0,True,,,contract_nli,,,,,,,,,,,,,,,
ilpc,,t5-small,transformers:T5ForConditionalGeneration,encoder-decoder,5e-05,16,4.0,constant_with_warmup,512,./runs/t5-small/ilpc/lr5e-05_constant_with_warmup_adamw_wd1e-03_512-512_bs128_iters50000/run_1,True,,,ilpc,/home/bulatov/bulatov/datasets/ilpc22/small-train.csv,/home/bulatov/bulatov/datasets/ilpc22/small-valid.csv,/home/bulatov/bulatov/datasets/ilpc22/small-test.csv,,,,,,,,,,,,
ilpc,,t5-small,transformers:T5ForConditionalGeneration,encoder-decoder,1e-05,16,4.0,constant_with_warmup,512,./runs/t5-small/ilpc/lr1e-05_constant_with_warmup_adamw_wd1e-03_512-512_bs128_iters200000_baseline/run_1,True,,,ilpc,/home/bulatov/bulatov/datasets/ilpc22/large-train.csv,/home/bulatov/bulatov/datasets/ilpc22/large-valid.csv,/home/bulatov/bulatov/datasets/ilpc22/large-test.csv,,,,,,,,,,,,
ilpc,,t5-small,transformers:T5ForConditionalGeneration,encoder-decoder,5e-05,16,4.0,constant_with_warmup,512,./runs/t5-small/ilpc/lr5e-05_constant_with_warmup_adamw_wd1e-03_512-512_bs128_iters50000/run_1,True,,,ilpc,/home/bulatov/bulatov/datasets/ilpc22/small-train.csv,/home/bulatov/bulatov/datasets/ilpc22/small-valid.csv,/home/bulatov/bulatov/datasets/ilpc22/small-test.csv,,,,,,,,,,,,
ilpc,,t5-small,transformers:T5ForConditionalGeneration,encoder-decoder,1e-05,16,4.0,constant_with_warmup,512,./runs/t5-small/ilpc/lr1e-05_constant_with_warmup_adamw_wd1e-03_512-512_bs128_iters200000/run_1,False,,,ilpc,/home/bulatov/bulatov/datasets/ilpc22/large-train.csv,/home/bulatov/bulatov/datasets/ilpc22/large-valid.csv,/home/bulatov/bulatov/datasets/ilpc22/large-test.csv,,,,,,,,,,,,
ilpc-large,t5-small,,transformers:T5ForConditionalGeneration,encoder-decoder,5e-05,64,1.0,constant_with_warmup,512,./runs/t5-small/ilpc-large/lr5e-05_constant_with_warmup_adamw_wd1e-03_512-512_bs128_iters200000_baseline_pretrained/run_1,True,,,ilpc-large,/home/bulatov/bulatov/datasets/ilpc22/large-train.csv,/home/bulatov/bulatov/datasets/ilpc22/large-valid.csv,/home/bulatov/bulatov/datasets/ilpc22/large-test.csv,,,,,,,,,,,,
ilpc-large,t5-small,,transformers:T5ForConditionalGeneration,encoder-decoder,5e-06,128,1.0,linear,512,./runs/t5-small/ilpc-large/lr5e-06_linear_adamw_wd1e-02_512-512_bs128_iters150000_baseline_pretrained_2sep_enum_nodesc/run_1,True,True,,ilpc-large,/home/bulatov/bulatov/datasets/ilpc22/large_2sep_enum/large_train.csv,/home/bulatov/bulatov/datasets/ilpc22/large_2sep_enum/large_valid.csv,/home/bulatov/bulatov/datasets/ilpc22/large_2sep_enum/large_test.csv,,,7.58424186706543,7.58424186706543,,,,,,,,
ilpc-large,t5-small,,transformers:T5ForConditionalGeneration,encoder-decoder,5e-06,128,1.0,linear,512,/home/bulatov/bulatov/KGLM/runs/t5-small/ilpc-large/lr5e-06_linear_adamw_wd1e-02_512-512_bs128_iters150000_baseline_pretrained_2sep_enum_nodesc_eval/run_1/,True,True,/home/bulatov/bulatov/KGLM/runs/t5-small/ilpc-large/lr5e-06_linear_adamw_wd1e-02_512-512_bs128_iters150000_baseline_pretrained_2sep_enum_nodesc/run_1,ilpc-large,/home/bulatov/bulatov/datasets/ilpc22/large_2sep_enum/large_train.csv,/home/bulatov/bulatov/datasets/ilpc22/large_2sep_enum/large_valid.csv,/home/bulatov/bulatov/datasets/ilpc22/large_2sep_enum/large_test.csv,/home/bulatov/bulatov/KGLM/faiss/entities.index,/home/chepurova/knowledge-graphs-language-models/faiss/large_verbalized_inference_entities.json,7.585428237915039,7.585428237915039,0.11375687271356583,0.13840337097644806,0.16683031618595123,0.20026512444019318,0.10869991779327393,0.12450903654098511,0.14449135959148407,0.1669285148382187
ilpc-large,t5-small,,transformers:T5ForConditionalGeneration,encoder-decoder,1e-06,64,1.0,constant_with_warmup,512,./runs/t5-small/ilpc-large/lr1e-06_constant_with_warmup_adamw_wd1e-03_512-512_bs128_iters200000_pretrained/run_1,False,,,ilpc-large,/home/bulatov/bulatov/datasets/ilpc22/large-train.csv,/home/bulatov/bulatov/datasets/ilpc22/large-valid.csv,/home/bulatov/bulatov/datasets/ilpc22/large-test.csv,,,,,,,,,,,,
ilpc-large,t5-small,,transformers:T5ForConditionalGeneration,encoder-decoder,5e-06,64,1.0,constant_with_warmup,512,./runs/t5-small/ilpc-large/lr5e-06_constant_with_warmup_adamw_wd1e-03_512-512_bs128_iters200000_pretrained_2sep/run_1,False,,,ilpc-large,/home/bulatov/bulatov/datasets/ilpc22/large_2sep/large_train.csv,/home/bulatov/bulatov/datasets/ilpc22/large_2sep/large_valid.csv,/home/bulatov/bulatov/datasets/ilpc22/large_2sep/large_test.csv,,,,,,,,,,,,
ilpc-large,t5-small,,transformers:T5ForConditionalGeneration,encoder-decoder,1e-05,128,1.0,linear,512,./runs/t5-small/ilpc-large/lr1e-05_linear_adamw_wd1e-02_512-512_bs128_iters250000_pretrained_2sep_enum_eval/run_1,False,,./runs/t5-small/ilpc-large/lr1e-05_linear_adamw_wd1e-02_512-512_bs128_iters250000_pretrained_2sep_enum/run_1,ilpc-large,/home/bulatov/bulatov/datasets/ilpc22/large_2sep_enum/large_train.csv,/home/bulatov/bulatov/datasets/ilpc22/large_2sep_enum/large_valid.csv,/home/bulatov/bulatov/datasets/ilpc22/large_2sep_enum/large_test.csv,,,0.8301404714584351,4.9513702392578125,,,,,,,,
ilpc-large,t5-small,,transformers:T5ForConditionalGeneration,encoder-decoder,5e-06,128,1.0,linear,512,/home/bulatov/bulatov/KGLM/runs/t5-small/ilpc-large/lr5e-06_constant_with_warmup_adamw_wd1e-02_512-512_bs128_iters250000_pretrained_2sep_enum_eval/run_1/,False,False,/home/bulatov/bulatov/KGLM/runs/t5-small/ilpc-large/lr5e-06_constant_with_warmup_adamw_wd1e-02_512-512_bs128_iters250000_pretrained_2sep_enum/run_1,ilpc-large,/home/bulatov/bulatov/datasets/ilpc22/large_2sep_enum/large_train.csv,/home/bulatov/bulatov/datasets/ilpc22/large_2sep_enum/large_valid.csv,/home/bulatov/bulatov/datasets/ilpc22/large_2sep_enum/large_test.csv,/home/bulatov/bulatov/KGLM/faiss/entities_description.index,/home/chepurova/knowledge-graphs-language-models/faiss/large_verbalized_inference_entities_and_descriptions.json,0.3142183721065521,7.9389238357543945,0.10221916437149048,0.14002355933189392,0.15730558335781097,0.19314610958099365,0.10221916437149048,0.14002355933189392,0.15730558335781097,0.19314610958099365
ilpc-large,t5-small,,transformers:T5ForConditionalGeneration,encoder-decoder,5e-06,128,1.0,linear,512,/home/bulatov/bulatov/KGLM/runs/t5-small/ilpc-large/lr5e-06_constant_with_warmup_adamw_wd1e-02_512-512_bs128_iters250000_pretrained_2sep_enum_eval/run_1/,False,False,/home/bulatov/bulatov/KGLM/runs/t5-small/ilpc-large/lr5e-06_constant_with_warmup_adamw_wd1e-02_512-512_bs128_iters250000_pretrained_2sep_enum/run_1,ilpc-large,/home/bulatov/bulatov/datasets/ilpc22/large_2sep_enum/large_train.csv,/home/bulatov/bulatov/datasets/ilpc22/large_2sep_enum/large_valid.csv,/home/bulatov/bulatov/datasets/ilpc22/large_2sep_enum/large_test.csv,/home/bulatov/bulatov/KGLM/faiss/entities_description.index,/home/chepurova/knowledge-graphs-language-models/faiss/large_verbalized_inference_entities_and_descriptions.json,0.314372718334198,7.932999134063721,,,,,,,,
ilpc-large,t5-small,,transformers:T5ForConditionalGeneration,encoder-decoder,5e-05,64,1.0,constant_with_warmup,512,./runs/t5-small/ilpc-large/lr5e-05_constant_with_warmup_adamw_wd1e-03_512-512_bs128_iters200000_pretrained/run_1,False,,,ilpc-large,/home/bulatov/bulatov/datasets/ilpc22/large-train.csv,/home/bulatov/bulatov/datasets/ilpc22/large-valid.csv,/home/bulatov/bulatov/datasets/ilpc22/large-test.csv,,,,,,,,,,,,
ilpc-large,t5-small,,transformers:T5ForConditionalGeneration,encoder-decoder,5e-06,128,1.0,constant_with_warmup,512,./runs/t5-small/ilpc-large/lr5e-06_constant_with_warmup_adamw_wd1e-03_512-512_bs128_iters200000_baseline_pretrained/run_1,True,,,ilpc-large,/home/bulatov/bulatov/datasets/ilpc22/large-train.csv,/home/bulatov/bulatov/datasets/ilpc22/large-valid.csv,/home/bulatov/bulatov/datasets/ilpc22/large-test.csv,,,,,,,,,,,,
ilpc-large,t5-small,,transformers:T5ForConditionalGeneration,encoder-decoder,5e-06,64,1.0,constant_with_warmup,512,./runs/t5-small/ilpc-large/lr5e-06_constant_with_warmup_adamw_wd1e-02_512-512_bs128_iters250000_pretrained_2sep_enum/run_1,False,False,,ilpc-large,/home/bulatov/bulatov/datasets/ilpc22/large_2sep_enum/large_train.csv,/home/bulatov/bulatov/datasets/ilpc22/large_2sep_enum/large_valid.csv,/home/bulatov/bulatov/datasets/ilpc22/large_2sep_enum/large_test.csv,,,,,,,,,,,,
ilpc-large,t5-small,,transformers:T5ForConditionalGeneration,encoder-decoder,5e-06,64,1.0,constant_with_warmup,512,./runs/t5-small/ilpc-large/lr5e-06_constant_with_warmup_adamw_wd1e-02_512-512_bs128_iters250000_pretrained_2sep_enum/run_1,False,False,,ilpc-large,/home/bulatov/bulatov/datasets/ilpc22/large_2sep_enum/large_train.csv,/home/bulatov/bulatov/datasets/ilpc22/large_2sep_enum/large_valid.csv,/home/bulatov/bulatov/datasets/ilpc22/large_2sep_enum/large_test.csv,,,,,,,,,,,,
ilpc-large,t5-small,,transformers:T5ForConditionalGeneration,encoder-decoder,5e-06,128,1.0,linear,512,/home/bulatov/bulatov/KGLM/runs/t5-small/ilpc-large/lr5e-06_constant_with_warmup_adamw_wd1e-02_512-512_bs128_iters250000_baseline_pretrained_2sep_enum_eval/run_1/,True,False,/home/bulatov/bulatov/KGLM/runs/t5-small/ilpc-large/lr5e-06_constant_with_warmup_adamw_wd1e-02_512-512_bs128_iters250000_baseline_pretrained_2sep_enum/run_1,ilpc-large,/home/bulatov/bulatov/datasets/ilpc22/large_2sep_enum/large_train.csv,/home/bulatov/bulatov/datasets/ilpc22/large_2sep_enum/large_valid.csv,/home/bulatov/bulatov/datasets/ilpc22/large_2sep_enum/large_test.csv,/home/bulatov/bulatov/KGLM/faiss/entities_description.index,/home/chepurova/knowledge-graphs-language-models/faiss/large_verbalized_inference_entities_and_descriptions.json,0.04418696090579033,7.202474594116211,0.10604870319366455,0.1527886837720871,0.1726728230714798,0.196926549077034,0.10604870319366455,0.1527886837720871,0.1726728230714798,0.196926549077034
ilpc-large,t5-small,,transformers:T5ForConditionalGeneration,encoder-decoder,5e-06,128,1.0,constant_with_warmup,512,./runs/t5-small/ilpc-large/lr5e-06_constant_with_warmup_adamw_wd1e-02_512-512_bs128_iters250000_baseline_pretrained_2sep_enum_nodesc/run_1,True,True,,ilpc-large,/home/bulatov/bulatov/datasets/ilpc22/large_2sep_enum/large_train.csv,/home/bulatov/bulatov/datasets/ilpc22/large_2sep_enum/large_valid.csv,/home/bulatov/bulatov/datasets/ilpc22/large_2sep_enum/large_test.csv,,,7.56459379196167,7.56459379196167,,,,,,,,
ilpc-large,t5-small,,transformers:T5ForConditionalGeneration,encoder-decoder,1e-05,64,1.0,linear,512,./runs/t5-small/ilpc-large/lr1e-05_linear_adamw_wd1e-02_512-512_bs128_iters250000_pretrained_2sep/run_1,False,,,ilpc-large,/home/bulatov/bulatov/datasets/ilpc22/large_2sep/large_train.csv,/home/bulatov/bulatov/datasets/ilpc22/large_2sep/large_valid.csv,/home/bulatov/bulatov/datasets/ilpc22/large_2sep/large_test.csv,,,,,,,,,,,,
ilpc-large,t5-small,,transformers:T5ForConditionalGeneration,encoder-decoder,5e-06,128,1.0,linear,512,./runs/t5-small/ilpc-large/lr5e-06_linear_adamw_wd1e-03_512-512_bs128_iters300000_baseline_pretrained_2sep/run_1,True,,,ilpc-large,/home/bulatov/bulatov/datasets/ilpc22/large_2sep/large_train.csv,/home/bulatov/bulatov/datasets/ilpc22/large_2sep/large_valid.csv,/home/bulatov/bulatov/datasets/ilpc22/large_2sep/large_test.csv,,,,,,,,,,,,
ilpc-large,t5-small,,transformers:T5ForConditionalGeneration,encoder-decoder,2e-06,128,1.0,linear,512,./runs/t5-small/ilpc-large/lr2e-06_linear_adamw_wd1e-03_512-512_bs128_iters150000_baseline_pretrained_2sep/run_1,True,,,ilpc-large,/home/bulatov/bulatov/datasets/ilpc22/large_2sep/large_train.csv,/home/bulatov/bulatov/datasets/ilpc22/large_2sep/large_valid.csv,/home/bulatov/bulatov/datasets/ilpc22/large_2sep/large_test.csv,,,,,,,,,,,,
ilpc-large,t5-small,,transformers:T5ForConditionalGeneration,encoder-decoder,1e-05,128,1.0,linear,512,./runs/t5-small/ilpc-large/lr1e-05_linear_adamw_wd1e-02_512-512_bs128_iters250000_baseline_pretrained_2sep/run_1,True,,,ilpc-large,/home/bulatov/bulatov/datasets/ilpc22/large_2sep/large_train.csv,/home/bulatov/bulatov/datasets/ilpc22/large_2sep/large_valid.csv,/home/bulatov/bulatov/datasets/ilpc22/large_2sep/large_test.csv,,,,,,,,,,,,
ilpc-large,t5-small,,transformers:T5ForConditionalGeneration,encoder-decoder,1e-06,128,1.0,constant_with_warmup,512,./runs/t5-small/ilpc-large/lr1e-06_constant_with_warmup_adamw_wd1e-03_512-512_bs128_iters200000_baseline_pretrained/run_1,True,,,ilpc-large,/home/bulatov/bulatov/datasets/ilpc22/large-train.csv,/home/bulatov/bulatov/datasets/ilpc22/large-valid.csv,/home/bulatov/bulatov/datasets/ilpc22/large-test.csv,,,,,,,,,,,,
ilpc-large,t5-small,,transformers:T5ForConditionalGeneration,encoder-decoder,1e-06,128,1.0,constant_with_warmup,512,./runs/t5-small/ilpc-large/lr1e-06_constant_with_warmup_adamw_wd1e-03_512-512_bs128_iters200000_baseline_pretrained/run_1,True,,,ilpc-large,/home/bulatov/bulatov/datasets/ilpc22/large-train.csv,/home/bulatov/bulatov/datasets/ilpc22/large-valid.csv,/home/bulatov/bulatov/datasets/ilpc22/large-test.csv,,,,,,,,,,,,
ilpc-large,t5-small,,transformers:T5ForConditionalGeneration,encoder-decoder,5e-06,64,1.0,linear,512,./runs/t5-small/ilpc-large/lr5e-06_linear_adamw_wd1e-03_512-512_bs128_iters300000_pretrained_2sep/run_1,False,,,ilpc-large,/home/bulatov/bulatov/datasets/ilpc22/large_2sep/large_train.csv,/home/bulatov/bulatov/datasets/ilpc22/large_2sep/large_valid.csv,/home/bulatov/bulatov/datasets/ilpc22/large_2sep/large_test.csv,,,,,,,,,,,,
ilpc-large,t5-small,,transformers:T5ForConditionalGeneration,encoder-decoder,5e-06,64,1.0,constant_with_warmup,512,./runs/t5-small/ilpc-large/lr5e-06_constant_with_warmup_adamw_wd1e-03_512-512_bs128_iters200000_pretrained/run_1,False,,,ilpc-large,/home/bulatov/bulatov/datasets/ilpc22/large-train.csv,/home/bulatov/bulatov/datasets/ilpc22/large-valid.csv,/home/bulatov/bulatov/datasets/ilpc22/large-test.csv,,,,,,,,,,,,
ilpc-large,t5-small,,transformers:T5ForConditionalGeneration,encoder-decoder,5e-06,128,1.0,constant_with_warmup,512,./runs/t5-small/ilpc-large/lr5e-06_constant_with_warmup_adamw_wd1e-02_512-512_bs128_iters250000_baseline_pretrained_2sep_enum/run_1,True,False,,ilpc-large,/home/bulatov/bulatov/datasets/ilpc22/large_2sep_enum/large_train.csv,/home/bulatov/bulatov/datasets/ilpc22/large_2sep_enum/large_valid.csv,/home/bulatov/bulatov/datasets/ilpc22/large_2sep_enum/large_test.csv,,,0.04420866444706917,7.2011003494262695,,,,,,,,
ilpc-large,t5-small,,transformers:T5ForConditionalGeneration,encoder-decoder,5e-06,128,1.0,constant_with_warmup,512,./runs/t5-small/ilpc-large/lr5e-06_constant_with_warmup_adamw_wd1e-02_512-512_bs128_iters250000_baseline_pretrained_2sep_enum/run_1,True,False,,ilpc-large,/home/bulatov/bulatov/datasets/ilpc22/large_2sep_enum/large_train.csv,/home/bulatov/bulatov/datasets/ilpc22/large_2sep_enum/large_valid.csv,/home/bulatov/bulatov/datasets/ilpc22/large_2sep_enum/large_test.csv,,,,,,,,,,,,
ilpc-large,t5-small,,transformers:T5ForConditionalGeneration,encoder-decoder,5e-05,32,1.0,constant_with_warmup,512,./runs/t5-small/ilpc-large/lr5e-05_constant_with_warmup_adamw_wd1e-03_512-512_bs128_iters200000/run_1,False,,,ilpc-large,/home/bulatov/bulatov/datasets/ilpc22/large-train.csv,/home/bulatov/bulatov/datasets/ilpc22/large-valid.csv,/home/bulatov/bulatov/datasets/ilpc22/large-test.csv,,,,,,,,,,,,
ilpc-large,t5-small,,transformers:T5ForConditionalGeneration,encoder-decoder,1e-05,128,1.0,linear,512,./runs/t5-small/ilpc-large/lr1e-05_linear_adamw_wd1e-02_512-512_bs128_iters250000_baseline_pretrained_2sep_enum/run_1,True,,,ilpc-large,/home/bulatov/bulatov/datasets/ilpc22/large_2sep_enum/large_train.csv,/home/bulatov/bulatov/datasets/ilpc22/large_2sep_enum/large_valid.csv,/home/bulatov/bulatov/datasets/ilpc22/large_2sep_enum/large_test.csv,,,,,,,,,,,,
ilpc-large,t5-small,,transformers:T5ForConditionalGeneration,encoder-decoder,5e-06,64,1.0,linear,512,./runs/t5-small/ilpc-large/lr5e-06_linear_adamw_wd1e-02_512-512_bs128_iters150000_pretrained_2sep_enum_nodesc/run_1,False,True,,ilpc-large,/home/bulatov/bulatov/datasets/ilpc22/large_2sep_enum/large_train.csv,/home/bulatov/bulatov/datasets/ilpc22/large_2sep_enum/large_valid.csv,/home/bulatov/bulatov/datasets/ilpc22/large_2sep_enum/large_test.csv,,,7.530209064483643,7.530209064483643,,,,,,,,
ilpc-large,t5-small,,transformers:T5ForConditionalGeneration,encoder-decoder,2e-06,64,1.0,linear,512,./runs/t5-small/ilpc-large/lr2e-06_linear_adamw_wd1e-03_512-512_bs128_iters150000_pretrained_2sep/run_1,False,,,ilpc-large,/home/bulatov/bulatov/datasets/ilpc22/large_2sep/large_train.csv,/home/bulatov/bulatov/datasets/ilpc22/large_2sep/large_valid.csv,/home/bulatov/bulatov/datasets/ilpc22/large_2sep/large_test.csv,,,,,,,,,,,,
ilpc-large,t5-small,,transformers:T5ForConditionalGeneration,encoder-decoder,5e-05,32,1.0,constant_with_warmup,512,./runs/t5-small/ilpc-large/lr5e-05_constant_with_warmup_adamw_wd1e-03_512-512_bs128_iters200000_baseline/run_1,True,,,ilpc-large,/home/bulatov/bulatov/datasets/ilpc22/large-train.csv,/home/bulatov/bulatov/datasets/ilpc22/large-valid.csv,/home/bulatov/bulatov/datasets/ilpc22/large-test.csv,,,,,,,,,,,,
ilpc-large,t5-small,,transformers:T5ForConditionalGeneration,encoder-decoder,1e-05,128,1.0,linear,512,./runs/t5-small/ilpc-large/lr1e-05_linear_adamw_wd1e-02_512-512_bs128_iters250000_baseline_pretrained_2sep_enum_eval/run_1,True,,./runs/t5-small/ilpc-large/lr1e-05_linear_adamw_wd1e-02_512-512_bs128_iters250000_baseline_pretrained_2sep_enum/run_1,ilpc-large,/home/bulatov/bulatov/datasets/ilpc22/large_2sep_enum/large_train.csv,/home/bulatov/bulatov/datasets/ilpc22/large_2sep_enum/large_valid.csv,/home/bulatov/bulatov/datasets/ilpc22/large_2sep_enum/large_test.csv,,,0.10315354913473129,4.524020195007324,,,,,,,,
ilpc-large,t5-small,,transformers:T5ForConditionalGeneration,encoder-decoder,1e-05,64,1.0,linear,512,./runs/t5-small/ilpc-large/lr1e-05_linear_adamw_wd1e-02_512-512_bs128_iters250000_pretrained_2sep_enum/run_1,False,,,ilpc-large,/home/bulatov/bulatov/datasets/ilpc22/large_2sep_enum/large_train.csv,/home/bulatov/bulatov/datasets/ilpc22/large_2sep_enum/large_valid.csv,/home/bulatov/bulatov/datasets/ilpc22/large_2sep_enum/large_test.csv,,,,,,,,,,,,
ilpc-large,t5-small,,transformers:T5ForConditionalGeneration,encoder-decoder,0.0005,64,1.0,constant_with_warmup,512,./runs/t5-small/ilpc-large/lr5e-04_constant_with_warmup_adamw_wd1e-03_512-512_bs128_iters200000_pretrained/run_1,False,,,ilpc-large,/home/bulatov/bulatov/datasets/ilpc22/large-train.csv,/home/bulatov/bulatov/datasets/ilpc22/large-valid.csv,/home/bulatov/bulatov/datasets/ilpc22/large-test.csv,,,,,,,,,,,,
ilpc-large,t5-small,,transformers:T5ForConditionalGeneration,encoder-decoder,0.0005,128,1.0,constant_with_warmup,512,./runs/t5-small/ilpc-large/lr5e-04_constant_with_warmup_adamw_wd1e-03_512-512_bs128_iters200000_baseline_pretrained/run_1,True,,,ilpc-large,/home/bulatov/bulatov/datasets/ilpc22/large-train.csv,/home/bulatov/bulatov/datasets/ilpc22/large-valid.csv,/home/bulatov/bulatov/datasets/ilpc22/large-test.csv,,,,,,,,,,,,
ilpc-large,t5-small,,transformers:T5ForConditionalGeneration,encoder-decoder,5e-06,128,1.0,linear,512,/home/bulatov/bulatov/KGLM/runs/t5-small/ilpc-large/lr5e-06_constant_with_warmup_adamw_wd1e-02_512-512_bs128_iters250000_pretrained_2sep_enum_nodesc_eval/run_1/,False,True,/home/bulatov/bulatov/KGLM/runs/t5-small/ilpc-large/lr5e-06_constant_with_warmup_adamw_wd1e-02_512-512_bs128_iters250000_pretrained_2sep_enum_nodesc/run_1/,ilpc-large,/home/bulatov/bulatov/datasets/ilpc22/large_2sep_enum/large_train.csv,/home/bulatov/bulatov/datasets/ilpc22/large_2sep_enum/large_valid.csv,/home/bulatov/bulatov/datasets/ilpc22/large_2sep_enum/large_test.csv,/home/bulatov/bulatov/KGLM/faiss/entities.index,/home/chepurova/knowledge-graphs-language-models/faiss/large_verbalized_inference_entities.json,0.0,7.613714694976807,,,,,,,,
ilpc-large,t5-small,,transformers:T5ForConditionalGeneration,encoder-decoder,5e-06,64,1.0,constant_with_warmup,512,./runs/t5-small/ilpc-large/lr5e-06_constant_with_warmup_adamw_wd1e-02_512-512_bs128_iters250000_pretrained_2sep_enum_nodesc/run_1,False,True,,ilpc-large,/home/bulatov/bulatov/datasets/ilpc22/large_2sep_enum/large_train.csv,/home/bulatov/bulatov/datasets/ilpc22/large_2sep_enum/large_valid.csv,/home/bulatov/bulatov/datasets/ilpc22/large_2sep_enum/large_test.csv,,,,,,,,,,,,
ilpc-large,t5-small,,transformers:T5ForConditionalGeneration,encoder-decoder,5e-06,128,1.0,constant_with_warmup,512,./runs/t5-small/ilpc-large/lr5e-06_constant_with_warmup_adamw_wd1e-03_512-512_bs128_iters200000_baseline_pretrained_2sep/run_1,True,,,ilpc-large,/home/bulatov/bulatov/datasets/ilpc22/large_2sep/large_train.csv,/home/bulatov/bulatov/datasets/ilpc22/large_2sep/large_valid.csv,/home/bulatov/bulatov/datasets/ilpc22/large_2sep/large_test.csv,,,,,,,,,,,,
ilpc-large,t5-small,,transformers:T5ForConditionalGeneration,encoder-decoder,5e-06,128,1.0,constant_with_warmup,512,./runs/t5-small/ilpc-large/lr5e-06_constant_with_warmup_adamw_wd1e-03_512-512_bs128_iters200000_baseline_pretrained_2sep/run_1,True,,,ilpc-large,/home/bulatov/bulatov/datasets/ilpc22/large_2sep/large_train.csv,/home/bulatov/bulatov/datasets/ilpc22/large_2sep/large_valid.csv,/home/bulatov/bulatov/datasets/ilpc22/large_2sep/large_test.csv,,,,,,,,,,,,
ilpc-small,t5-small,,transformers:T5ForConditionalGeneration,encoder-decoder,5e-06,128,1.0,linear,512,./runs/t5-small/ilpc-small/lr5e-06_linear_adamw_wd1e-02_512-512_bs128_iters30000_baseline_pretrained_2sep_enum_nodesc/run_1,True,True,,ilpc-small,/home/bulatov/bulatov/datasets/ilpc22/small_2sep_enum/small_train.csv,/home/bulatov/bulatov/datasets/ilpc22/small_2sep_enum/small_valid.csv,/home/bulatov/bulatov/datasets/ilpc22/small_2sep_enum/small_test.csv,./faiss/entities_small.index,/home/chepurova/knowledge-graphs-language-models/faiss/small_verbalized_inference_entities.json,3.445899486541748,3.445899486541748,0.07305306941270828,0.1342177838087082,0.1595451384782791,0.20727084577083588,0.07098552584648132,0.12818746268749237,0.15041351318359375,0.19417643547058105
ilpc-small,t5-small,,transformers:T5ForConditionalGeneration,encoder-decoder,5e-06,64,1.0,linear,512,./runs/t5-small/ilpc-small/lr5e-06_linear_adamw_wd1e-02_512-512_bs128_iters30000_pretrained_2sep_enum_nodesc/run_1,False,True,,ilpc-small,/home/bulatov/bulatov/datasets/ilpc22/small_2sep_enum/small_train.csv,/home/bulatov/bulatov/datasets/ilpc22/small_2sep_enum/small_valid.csv,/home/bulatov/bulatov/datasets/ilpc22/small_2sep_enum/small_test.csv,./faiss/entities_small.index,/home/chepurova/knowledge-graphs-language-models/faiss/small_verbalized_inference_entities.json,4.255685806274414,4.255685806274414,0.07494831085205078,0.13025499880313873,0.15609924495220184,0.20072363317012787,0.07288077473640442,0.120089590549469,0.14059269428253174,0.17901447415351868
ilpc-small,t5-small,,transformers:T5ForConditionalGeneration,encoder-decoder,5e-06,128,1.0,linear,512,./runs/t5-small/ilpc-small/lr5e-06_linear_adamw_wd1e-02_512-512_bs128_iters30000_baseline_pretrained_2sep_enum/run_1,True,False,,ilpc-small,/home/bulatov/bulatov/datasets/ilpc22/small_2sep_enum/small_train.csv,/home/bulatov/bulatov/datasets/ilpc22/small_2sep_enum/small_valid.csv,/home/bulatov/bulatov/datasets/ilpc22/small_2sep_enum/small_test.csv,./faiss/entities_description_small.index,/home/chepurova/knowledge-graphs-language-models/faiss/small_verbalized_inference_entities_and_descriptions.json,0.0,3.3252928256988525,0.0739145427942276,0.10199861973524094,0.11888352781534195,0.15179187059402466,0.0739145427942276,0.10199861973524094,0.11888352781534195,0.15179187059402466
ilpc-small,t5-small,,transformers:T5ForConditionalGeneration,encoder-decoder,5e-06,64,1.0,linear,512,./runs/t5-small/ilpc-small/lr5e-06_linear_adamw_wd1e-02_512-512_bs128_iters30000_pretrained_2sep_enum/run_1,False,False,,ilpc-small,/home/bulatov/bulatov/datasets/ilpc22/small_2sep_enum/small_train.csv,/home/bulatov/bulatov/datasets/ilpc22/small_2sep_enum/small_valid.csv,/home/bulatov/bulatov/datasets/ilpc22/small_2sep_enum/small_test.csv,./faiss/entities_description_small.index,/home/chepurova/knowledge-graphs-language-models/faiss/small_verbalized_inference_entities_and_descriptions.json,,,,,,,,,,
